STATION,NAME,DATE,PRCP,TMAX,TMIN,TOBS
USC00417588,"RICHARDSON, TX US",06/30/25,0,94,76,80
USC00417588,"RICHARDSON, TX US",06/29/25,0,95,79,88
USC00417588,"RICHARDSON, TX US",06/28/25,0,94,78,86
USC00417588,"RICHARDSON, TX US",06/27/25,0,93,74,85
USC00417588,"RICHARDSON, TX US",06/26/25,0,93,75,79
USC00417588,"RICHARDSON, TX US",06/25/25,0,92,74,81
USC00417588,"RICHARDSON, TX US",06/24/25,0,94,76,83
USC00417588,"RICHARDSON, TX US",06/23/25,0,93,77,86
USC00417588,"RICHARDSON, TX US",06/22/25,0,93,75,81
USC00417588,"RICHARDSON, TX US",06/21/25,0,94,78,81
USC00417588,"RICHARDSON, TX US",06/20/25,0,94,80,86
USC00417588,"RICHARDSON, TX US",06/19/25,0,94,78,86
USC00417588,"RICHARDSON, TX US",06/18/25,0,93,78,86
USC00417588,"RICHARDSON, TX US",06/17/25,0,92,76,86
USC00417588,"RICHARDSON, TX US",06/16/25,0.01,96,71,87
USC00417588,"RICHARDSON, TX US",06/15/25,0.07,84,70,77
USC00417588,"RICHARDSON, TX US",06/14/25,0,93,69,82
USC00417588,"RICHARDSON, TX US",06/13/25,0,91,71,75
USC00417588,"RICHARDSON, TX US",06/12/25,0.27,82,69,72
USC00417588,"RICHARDSON, TX US",06/11/25,0.26,75,70,71
USC00417588,"RICHARDSON, TX US",06/10/25,0.01,82,73,75
USC00417588,"RICHARDSON, TX US",06/09/25,0.24,91,70,82
USC00417588,"RICHARDSON, TX US",06/08/25,1.45,95,68,70
USC00417588,"RICHARDSON, TX US",06/07/25,0,92,78,87
USC00417588,"RICHARDSON, TX US",06/06/25,0,92,79,85
USC00417588,"RICHARDSON, TX US",06/05/25,0.02,90,71,81
USC00417588,"RICHARDSON, TX US",06/04/25,3.4,83,67,74
USC00417588,"RICHARDSON, TX US",06/03/25,0,92,71,74
USC00417588,"RICHARDSON, TX US",06/02/25,0,94,73,84
USC00417588,"RICHARDSON, TX US",06/01/25,0,90,71,75
USC00417588,"RICHARDSON, TX US",05/31/25,0,89,64,79
USC00417588,"RICHARDSON, TX US",05/30/25,0.14,83,64,73
USC00417588,"RICHARDSON, TX US",05/29/25,0,88,66,72
USC00417588,"RICHARDSON, TX US",05/28/25,0,80,67,71
USC00417588,"RICHARDSON, TX US",05/27/25,0,82,67,76
USC00417588,"RICHARDSON, TX US",05/26/25,2.1,84,64,69
USC00417588,"RICHARDSON, TX US",05/25/25,0,95,76,83
USC00417588,"RICHARDSON, TX US",05/24/25,0,94,70,84
USC00417588,"RICHARDSON, TX US",05/23/25,0,94,69,84
USC00417588,"RICHARDSON, TX US",05/22/25,0,87,67,80
USC00417588,"RICHARDSON, TX US",05/21/25,0,88,60,79
USC00417588,"RICHARDSON, TX US",05/20/25,0.08,83,68,73
USC00417588,"RICHARDSON, TX US",05/19/25,0.02,83,75,80
USC00417588,"RICHARDSON, TX US",05/18/25,0.07,84,75,78
USC00417588,"RICHARDSON, TX US",05/17/25,0,90,76,80
USC00417588,"RICHARDSON, TX US",05/16/25,0,88,73,79
USC00417588,"RICHARDSON, TX US",05/15/25,0,90,73,74
USC00417588,"RICHARDSON, TX US",05/14/25,0,95,74,83
USC00417588,"RICHARDSON, TX US",05/13/25,0,93,60,85
USC00417588,"RICHARDSON, TX US",05/12/25,0,84,60,73
USC00417588,"RICHARDSON, TX US",05/11/25,0,76,60,68
USC00417588,"RICHARDSON, TX US",05/10/25,0,77,61,68
USC00417588,"RICHARDSON, TX US",05/09/25,0,80,61,70
USC00417588,"RICHARDSON, TX US",05/08/25,0,77,62,67
USC00417588,"RICHARDSON, TX US",05/07/25,0,77,59,69
USC00417588,"RICHARDSON, TX US",05/06/25,1.02,65,59,60
USC00417588,"RICHARDSON, TX US",05/05/25,0.23,72,59,59
USC00417588,"RICHARDSON, TX US",05/04/25,0,78,52,67
USC00417588,"RICHARDSON, TX US",05/03/25,0,74,55,59
USC00417588,"RICHARDSON, TX US",05/02/25,0.62,70,60,63
USC00417588,"RICHARDSON, TX US",05/01/25,0.01,76,61,70
USC00417588,"RICHARDSON, TX US",04/30/25,2.5,83,58,61
USC00417588,"RICHARDSON, TX US",04/29/25,0,84,72,75
USC00417588,"RICHARDSON, TX US",04/28/25,0,80,71,75
USC00417588,"RICHARDSON, TX US",04/27/25,0,81,68,76
USC00417588,"RICHARDSON, TX US",04/26/25,0,83,68,76
USC00417588,"RICHARDSON, TX US",04/25/25,0.03,81,61,71
USC00417588,"RICHARDSON, TX US",04/24/25,0.95,70,62,63
USC00417588,"RICHARDSON, TX US",04/23/25,1.2,83,64,66
USC00417588,"RICHARDSON, TX US",04/22/25,0,87,60,75
USC00417588,"RICHARDSON, TX US",04/21/25,0,83,56,61
USC00417588,"RICHARDSON, TX US",04/20/25,0.24,76,62,62
USC00417588,"RICHARDSON, TX US",04/19/25,0.1,77,64,73
USC00417588,"RICHARDSON, TX US",04/18/25,0,85,68,77
USC00417588,"RICHARDSON, TX US",04/17/25,0,83,66,73
USC00417588,"RICHARDSON, TX US",04/16/25,0,80,58,74
USC00417588,"RICHARDSON, TX US",04/15/25,0,75,58,61
USC00417588,"RICHARDSON, TX US",04/14/25,0,87,64,72
USC00417588,"RICHARDSON, TX US",04/13/25,0,92,65,68
USC00417588,"RICHARDSON, TX US",04/12/25,0,82,59,73
USC00417588,"RICHARDSON, TX US",04/11/25,0,81,57,63
USC00417588,"RICHARDSON, TX US",04/10/25,0,83,56,69
USC00417588,"RICHARDSON, TX US",04/09/25,0,84,48,60
USC00417588,"RICHARDSON, TX US",04/08/25,0,76,42,48
USC00417588,"RICHARDSON, TX US",04/07/25,0,67,38,42
USC00417588,"RICHARDSON, TX US",04/06/25,0,48,42,43
USC00417588,"RICHARDSON, TX US",04/05/25,1.66,70,47,47
USC00417588,"RICHARDSON, TX US",04/04/25,0.15,70,54,56
USC00417588,"RICHARDSON, TX US",04/03/25,0.17,70,54,56
USC00417588,"RICHARDSON, TX US",04/02/25,0.1,79,61,67
USC00417588,"RICHARDSON, TX US",04/01/25,0,81,57,61
USC00417588,"RICHARDSON, TX US",03/31/25,0,82,51,60
USC00417588,"RICHARDSON, TX US",03/30/25,0,81,59,61
USC00417588,"RICHARDSON, TX US",03/29/25,0,80,63,76
USC00417588,"RICHARDSON, TX US",03/28/25,0.54,73,60,64
USC00417588,"RICHARDSON, TX US",03/27/25,0,79,60,62
USC00417588,"RICHARDSON, TX US",03/26/25,0.16,76,63,64
USC00417588,"RICHARDSON, TX US",03/25/25,0.05,88,57,67
USC00417588,"RICHARDSON, TX US",03/24/25,0,80,52,65
USC00417588,"RICHARDSON, TX US",03/23/25,0,80,62,67
USC00417588,"RICHARDSON, TX US",03/22/25,0,83,55,62
USC00417588,"RICHARDSON, TX US",03/21/25,0,75,46,65
USC00417588,"RICHARDSON, TX US",03/20/25,0,63,42,51
USC00417588,"RICHARDSON, TX US",03/19/25,0,71,50,50
USC00417588,"RICHARDSON, TX US",03/18/25,0,81,59,71
USC00417588,"RICHARDSON, TX US",03/17/25,0,82,52,69
USC00417588,"RICHARDSON, TX US",03/16/25,0,69,46,56
USC00417588,"RICHARDSON, TX US",03/15/25,0,72,56,56
USC00417588,"RICHARDSON, TX US",03/14/25,0,84,63,72
USC00417588,"RICHARDSON, TX US",03/13/25,0,85,59,72
USC00417588,"RICHARDSON, TX US",03/12/25,0,80,57,68
USC00417588,"RICHARDSON, TX US",03/11/25,0,79,53,68
USC00417588,"RICHARDSON, TX US",03/10/25,0,73,43,61
USC00417588,"RICHARDSON, TX US",03/09/25,0.09,56,42,49
USC00417588,"RICHARDSON, TX US",03/08/25,1,71,43,44
USC00417588,"RICHARDSON, TX US",03/07/25,0,81,56,65
USC00417588,"RICHARDSON, TX US",03/06/25,0,65,40,59
USC00417588,"RICHARDSON, TX US",03/05/25,0,60,42,45
USC00417588,"RICHARDSON, TX US",03/04/25,0,71,49,52
USC00417588,"RICHARDSON, TX US",03/03/25,0.02,68,52,68
USC00417588,"RICHARDSON, TX US",03/02/25,0.38,75,53,53
USC00417588,"RICHARDSON, TX US",03/01/25,0,77,48,62
USC00417588,"RICHARDSON, TX US",02/28/25,0,75,43,61
USC00417588,"RICHARDSON, TX US",02/27/25,0,71,50,50
USC00417588,"RICHARDSON, TX US",02/26/25,0,79,55,63
USC00417588,"RICHARDSON, TX US",02/25/25,0.01,77,49,64
USC00417588,"RICHARDSON, TX US",02/24/25,0.1,70,42,57
USC00417588,"RICHARDSON, TX US",02/23/25,0,63,37,46
USC00417588,"RICHARDSON, TX US",02/22/25,0,51,27,39
USC00417588,"RICHARDSON, TX US",02/21/25,0,32,21,30
USC00417588,"RICHARDSON, TX US",02/20/25,0,29,11,23
USC00417588,"RICHARDSON, TX US",02/19/25,0,26,12,15
USC00417588,"RICHARDSON, TX US",02/18/25,0,50,19,19
USC00417588,"RICHARDSON, TX US",02/17/25,0,54,29,50
USC00417588,"RICHARDSON, TX US",02/16/25,0,68,29,35
USC00417588,"RICHARDSON, TX US",02/15/25,0,68,34,35
USC00417588,"RICHARDSON, TX US",02/14/25,0.01,54,36,46
USC00417588,"RICHARDSON, TX US",02/13/25,0,37,21,36
USC00417588,"RICHARDSON, TX US",02/12/25,0.62,45,29,29
USC00417588,"RICHARDSON, TX US",02/11/25,0.18,44,40,42
USC00417588,"RICHARDSON, TX US",02/10/25,0.2,42,38,42
USC00417588,"RICHARDSON, TX US",02/09/25,0.01,49,42,42
USC00417588,"RICHARDSON, TX US",02/08/25,0,83,49,49
USC00417588,"RICHARDSON, TX US",02/07/25,0,75,50,68
USC00417588,"RICHARDSON, TX US",02/06/25,0,82,50,50
USC00417588,"RICHARDSON, TX US",02/05/25,0.01,72,48,66
USC00417588,"RICHARDSON, TX US",02/04/25,0.01,68,48,49
USC00417588,"RICHARDSON, TX US",02/03/25,0,80,57,68
USC00417588,"RICHARDSON, TX US",02/02/25,0,76,48,64
USC00417588,"RICHARDSON, TX US",02/01/25,0.02,69,39,58
USC00417588,"RICHARDSON, TX US",01/31/25,0.02,64,39,52
USC00417588,"RICHARDSON, TX US",01/30/25,1.53,66,53,53
USC00417588,"RICHARDSON, TX US",01/29/25,2.7,59,52,59
USC00417588,"RICHARDSON, TX US",01/28/25,0,58,46,53
USC00417588,"RICHARDSON, TX US",01/27/25,0,55,30,46
USC00417588,"RICHARDSON, TX US",01/26/25,0.02,49,41,41
USC00417588,"RICHARDSON, TX US",01/25/25,0,56,29,49
USC00417588,"RICHARDSON, TX US",01/24/25,0,56,30,32
USC00417588,"RICHARDSON, TX US",01/23/25,0,53,30,32
USC00417588,"RICHARDSON, TX US",01/22/25,0,49,23,37
USC00417588,"RICHARDSON, TX US",01/21/25,0,31,21,23
USC00417588,"RICHARDSON, TX US",01/20/25,0,32,20,24
USC00417588,"RICHARDSON, TX US",01/19/25,0,33,21,24
USC00417588,"RICHARDSON, TX US",01/18/25,0,59,28,28
USC00417588,"RICHARDSON, TX US",01/17/25,0,62,43,59
USC00417588,"RICHARDSON, TX US",01/16/25,0,61,36,45
USC00417588,"RICHARDSON, TX US",01/15/25,0,60,30,41
USC00417588,"RICHARDSON, TX US",01/14/25,0,56,30,38
USC00417588,"RICHARDSON, TX US",01/13/25,0,49,29,36
USC00417588,"RICHARDSON, TX US",01/12/25,0,53,28,42
USC00417588,"RICHARDSON, TX US",01/11/25,0,47,27,44
USC00417588,"RICHARDSON, TX US",01/10/25,0.08,36,29,30
USC00417588,"RICHARDSON, TX US",01/09/25,1.7,35,29,31
USC00417588,"RICHARDSON, TX US",01/08/25,0,39,25,30
USC00417588,"RICHARDSON, TX US",01/07/25,0,39,22,32
USC00417588,"RICHARDSON, TX US",01/06/25,0,38,20,30
USC00417588,"RICHARDSON, TX US",01/05/25,0,67,24,24
USC00417588,"RICHARDSON, TX US",01/04/25,0,65,52,61
USC00417588,"RICHARDSON, TX US",01/03/25,0,64,36,55
USC00417588,"RICHARDSON, TX US",01/02/25,0,60,36,45
USC00417588,"RICHARDSON, TX US",01/01/25,0,53,37,40
USC00417588,"RICHARDSON, TX US",12/31/24,0,62,46,46
USC00417588,"RICHARDSON, TX US",12/30/24,0,79,52,59
USC00417588,"RICHARDSON, TX US",12/29/24,0.1,67,47,53
USC00417588,"RICHARDSON, TX US",12/28/24,0.43,63,54,55
USC00417588,"RICHARDSON, TX US",12/27/24,0,70,47,63
USC00417588,"RICHARDSON, TX US",12/26/24,1.5,59,50,50
USC00417588,"RICHARDSON, TX US",12/25/24,0.01,56,50,54
USC00417588,"RICHARDSON, TX US",12/24/24,1.51,62,51,51
USC00417588,"RICHARDSON, TX US",12/23/24,0,66,53,61
USC00417588,"RICHARDSON, TX US",12/22/24,0,59,30,53
USC00417588,"RICHARDSON, TX US",12/21/24,0,53,33,43
USC00417588,"RICHARDSON, TX US",12/20/24,0,56,40,40
USC00417588,"RICHARDSON, TX US",12/19/24,0.01,64,37,48
USC00417588,"RICHARDSON, TX US",12/18/24,0.11,69,44,44
USC00417588,"RICHARDSON, TX US",12/17/24,0.02,74,53,68
USC00417588,"RICHARDSON, TX US",12/16/24,0.24,75,58,58
USC00417588,"RICHARDSON, TX US",12/15/24,0.01,75,50,69
USC00417588,"RICHARDSON, TX US",12/14/24,0.09,72,50,51
USC00417588,"RICHARDSON, TX US",12/13/24,0.12,57,49,56
USC00417588,"RICHARDSON, TX US",12/12/24,0,60,40,49
USC00417588,"RICHARDSON, TX US",12/11/24,0,60,36,46
USC00417588,"RICHARDSON, TX US",12/10/24,0,52,40,40
USC00417588,"RICHARDSON, TX US",12/09/24,0.01,71,50,51
USC00417588,"RICHARDSON, TX US",12/08/24,0.08,57,44,51
USC00417588,"RICHARDSON, TX US",12/07/24,0.82,48,42,44
USC00417588,"RICHARDSON, TX US",12/06/24,0,51,32,46
USC00417588,"RICHARDSON, TX US",12/05/24,0,54,36,36
USC00417588,"RICHARDSON, TX US",12/04/24,0.26,54,47,51
USC00417588,"RICHARDSON, TX US",12/03/24,0,62,37,50
USC00417588,"RICHARDSON, TX US",12/02/24,0,66,38,48
USC00417588,"RICHARDSON, TX US",12/01/24,0,63,40,49
USC00417588,"RICHARDSON, TX US",11/30/24,0,58,38,40
USC00417588,"RICHARDSON, TX US",11/29/24,0,55,35,44
USC00417588,"RICHARDSON, TX US",11/28/24,0,55,42,42
USC00417588,"RICHARDSON, TX US",11/27/24,0,79,52,55
USC00417588,"RICHARDSON, TX US",11/26/24,0,61,38,54
USC00417588,"RICHARDSON, TX US",11/25/24,0,68,46,46
USC00417588,"RICHARDSON, TX US",11/24/24,0,78,57,65
USC00417588,"RICHARDSON, TX US",11/23/24,0,73,43,59
USC00417588,"RICHARDSON, TX US",11/22/24,0,69,43,50
USC00417588,"RICHARDSON, TX US",11/21/24,0,69,41,52
USC00417588,"RICHARDSON, TX US",11/20/24,0,64,46,50
USC00417588,"RICHARDSON, TX US",11/19/24,0,72,54,57
USC00417588,"RICHARDSON, TX US",11/18/24,0.29,74,60,61
USC00417588,"RICHARDSON, TX US",11/17/24,0.57,77,44,72
USC00417588,"RICHARDSON, TX US",11/16/24,0,74,44,63
USC00417588,"RICHARDSON, TX US",11/15/24,0,74,44,57
USC00417588,"RICHARDSON, TX US",11/14/24,0,74,50,50
USC00417588,"RICHARDSON, TX US",11/13/24,0,76,57,59
USC00417588,"RICHARDSON, TX US",11/12/24,0,76,53,60
USC00417588,"RICHARDSON, TX US",11/11/24,0,79,54,55
USC00417588,"RICHARDSON, TX US",11/10/24,0,82,50,60
USC00417588,"RICHARDSON, TX US",11/09/24,0.02,71,49,60
USC00417588,"RICHARDSON, TX US",11/08/24,0.44,69,60,61
USC00417588,"RICHARDSON, TX US",11/07/24,0.01,69,52,67
USC00417588,"RICHARDSON, TX US",11/06/24,0,72,49,52
USC00417588,"RICHARDSON, TX US",11/05/24,0.02,67,54,54
USC00417588,"RICHARDSON, TX US",11/04/24,2.35,79,63,65
USC00417588,"RICHARDSON, TX US",11/03/24,0.33,75,73,75
USC00417588,"RICHARDSON, TX US",11/02/24,0.03,78,66,73
USC00417588,"RICHARDSON, TX US",11/01/24,0,76,60,68
USC00417588,"RICHARDSON, TX US",10/31/24,0.76,78,59,60
USC00417588,"RICHARDSON, TX US",10/30/24,0,87,72,78
USC00417588,"RICHARDSON, TX US",10/29/24,0,85,72,77
USC00417588,"RICHARDSON, TX US",10/28/24,0,86,68,77
USC00417588,"RICHARDSON, TX US",10/27/24,0,86,62,77
USC00417588,"RICHARDSON, TX US",10/26/24,0,88,67,73
USC00417588,"RICHARDSON, TX US",10/25/24,0,88,67,78
USC00417588,"RICHARDSON, TX US",10/24/24,0,88,67,69
USC00417588,"RICHARDSON, TX US",10/23/24,0,92,67,76
USC00417588,"RICHARDSON, TX US",10/22/24,0,92,67,76
USC00417588,"RICHARDSON, TX US",10/21/24,0,82,57,72
USC00417588,"RICHARDSON, TX US",10/20/24,0,82,55,66
USC00417588,"RICHARDSON, TX US",10/19/24,0,79,51,64
USC00417588,"RICHARDSON, TX US",10/18/24,0,78,51,65
USC00417588,"RICHARDSON, TX US",10/17/24,0,71,49,55
USC00417588,"RICHARDSON, TX US",10/16/24,0,70,52,56
USC00417588,"RICHARDSON, TX US",10/15/24,0,94,62,70
USC00417588,"RICHARDSON, TX US",10/14/24,0,83,67,73
USC00417588,"RICHARDSON, TX US",10/13/24,0,97,65,79
USC00417588,"RICHARDSON, TX US",10/12/24,0,93,65,79
USC00417588,"RICHARDSON, TX US",10/11/24,0,90,65,78
USC00417588,"RICHARDSON, TX US",10/10/24,0,90,66,73
USC00417588,"RICHARDSON, TX US",10/09/24,0,88,63,73
USC00417588,"RICHARDSON, TX US",10/08/24,0,87,65,74
USC00417588,"RICHARDSON, TX US",10/07/24,0,91,71,78
USC00417588,"RICHARDSON, TX US",10/06/24,0,91,68,76
USC00417588,"RICHARDSON, TX US",10/05/24,0,91,68,78
USC00417588,"RICHARDSON, TX US",10/04/24,0,90,68,77
USC00417588,"RICHARDSON, TX US",10/03/24,0,93,69,76
USC00417588,"RICHARDSON, TX US",10/02/24,0,92,69,78
USC00417588,"RICHARDSON, TX US",10/01/24,0,91,70,78
USC00417588,"RICHARDSON, TX US",09/30/24,0,95,68,75
USC00417588,"RICHARDSON, TX US",09/29/24,0,88,69,79
USC00417588,"RICHARDSON, TX US",09/28/24,0,88,66,77
USC00417588,"RICHARDSON, TX US",09/27/24,0,85,66,73
USC00417588,"RICHARDSON, TX US",09/26/24,0,84,64,74
USC00417588,"RICHARDSON, TX US",09/25/24,0,83,67,76
USC00417588,"RICHARDSON, TX US",09/24/24,0.01,94,67,83
USC00417588,"RICHARDSON, TX US",09/23/24,0.8,80,68,80
USC00417588,"RICHARDSON, TX US",09/22/24,0,95,75,76
USC00417588,"RICHARDSON, TX US",09/21/24,0,96,76,86
USC00417588,"RICHARDSON, TX US",09/20/24,0,99,76,86
USC00417588,"RICHARDSON, TX US",09/19/24,0,99,77,84
USC00417588,"RICHARDSON, TX US",09/18/24,0,97,72,85
USC00417588,"RICHARDSON, TX US",09/17/24,0,92,70,75
USC00417588,"RICHARDSON, TX US",09/16/24,0,93,70,81
USC00417588,"RICHARDSON, TX US",09/15/24,0,98,67,79
USC00417588,"RICHARDSON, TX US",09/14/24,0,98,73,82
USC00417588,"RICHARDSON, TX US",09/13/24,0,95,68,73
USC00417588,"RICHARDSON, TX US",09/12/24,0.02,90,67,74
USC00417588,"RICHARDSON, TX US",09/11/24,0.15,83,70,71
USC00417588,"RICHARDSON, TX US",09/10/24,0,92,62,80
USC00417588,"RICHARDSON, TX US",09/09/24,0,87,60,73
USC00417588,"RICHARDSON, TX US",09/08/24,0.4,83,63,71
USC00417588,"RICHARDSON, TX US",09/07/24,0,91,70,75
USC00417588,"RICHARDSON, TX US",09/06/24,0,91,74,78
USC00417588,"RICHARDSON, TX US",09/05/24,0.01,90,73,80
USC00417588,"RICHARDSON, TX US",09/04/24,0.2,79,67,76
USC00417588,"RICHARDSON, TX US",09/03/24,0.27,83,73,76
USC00417588,"RICHARDSON, TX US",09/02/24,0,89,74,83
USC00417588,"RICHARDSON, TX US",09/01/24,0.45,94,74,81
USC00417588,"RICHARDSON, TX US",08/31/24,0,94,75,75
USC00417588,"RICHARDSON, TX US",08/30/24,0,91,73,84
USC00417588,"RICHARDSON, TX US",08/29/24,0,93,76,81
USC00417588,"RICHARDSON, TX US",08/28/24,0,98,76,84
USC00417588,"RICHARDSON, TX US",08/27/24,0,97,77,83
USC00417588,"RICHARDSON, TX US",08/26/24,0,97,77,83
USC00417588,"RICHARDSON, TX US",08/25/24,0,99,78,88
USC00417588,"RICHARDSON, TX US",08/24/24,0,99,77,86
USC00417588,"RICHARDSON, TX US",08/23/24,0,102,81,84
USC00417588,"RICHARDSON, TX US",08/22/24,0,98,77,84
USC00417588,"RICHARDSON, TX US",08/21/24,0,97,76,83
USC00417588,"RICHARDSON, TX US",08/20/24,0,103,80,86
USC00417588,"RICHARDSON, TX US",08/19/24,0,109,84,94
USC00417588,"RICHARDSON, TX US",08/18/24,0,106,82,90
USC00417588,"RICHARDSON, TX US",08/17/24,0,100,82,88
USC00417588,"RICHARDSON, TX US",08/16/24,0,102,84,88
USC00417588,"RICHARDSON, TX US",08/15/24,0,100,81,85
USC00417588,"RICHARDSON, TX US",08/14/24,0,99,81,89
USC00417588,"RICHARDSON, TX US",08/13/24,0,99,81,87
USC00417588,"RICHARDSON, TX US",08/12/24,0,97,78,88
USC00417588,"RICHARDSON, TX US",08/11/24,0,96,77,84
USC00417588,"RICHARDSON, TX US",08/10/24,0,96,77,84
USC00417588,"RICHARDSON, TX US",08/09/24,0,92,80,87
USC00417588,"RICHARDSON, TX US",08/08/24,0,103,83,90
USC00417588,"RICHARDSON, TX US",08/07/24,0,104,83,89
USC00417588,"RICHARDSON, TX US",08/06/24,0,99,81,85
USC00417588,"RICHARDSON, TX US",08/05/24,0,99,75,86
USC00417588,"RICHARDSON, TX US",08/04/24,0,99,75,82
USC00417588,"RICHARDSON, TX US",08/03/24,0,99,75,86
USC00417588,"RICHARDSON, TX US",08/02/24,0,102,79,89
USC00417588,"RICHARDSON, TX US",08/01/24,0,101,75,84
USC00417588,"RICHARDSON, TX US",07/31/24,0,96,79,86
USC00417588,"RICHARDSON, TX US",07/30/24,0,96,78,87
USC00417588,"RICHARDSON, TX US",07/29/24,0,96,78,87
USC00417588,"RICHARDSON, TX US",07/28/24,0,93,74,88
USC00417588,"RICHARDSON, TX US",07/27/24,0,91,73,80
USC00417588,"RICHARDSON, TX US",07/26/24,0,86,73,77
USC00417588,"RICHARDSON, TX US",07/25/24,0,90,74,77
USC00417588,"RICHARDSON, TX US",07/24/24,0,91,72,81
USC00417588,"RICHARDSON, TX US",07/23/24,0,87,72,74
USC00417588,"RICHARDSON, TX US",07/22/24,0.87,87,73,74
USC00417588,"RICHARDSON, TX US",07/21/24,0.3,86,72,77
USC00417588,"RICHARDSON, TX US",07/20/24,0,93,71,82
USC00417588,"RICHARDSON, TX US",07/19/24,0,91,74,79
USC00417588,"RICHARDSON, TX US",07/18/24,0.06,88,73,81
USC00417588,"RICHARDSON, TX US",07/17/24,0.07,91,77,77
USC00417588,"RICHARDSON, TX US",07/16/24,0,100,80,89
USC00417588,"RICHARDSON, TX US",07/15/24,0,99,75,87
USC00417588,"RICHARDSON, TX US",07/14/24,0,98,75,86
USC00417588,"RICHARDSON, TX US",07/13/24,0,94,76,81
USC00417588,"RICHARDSON, TX US",07/12/24,0,97,76,84
USC00417588,"RICHARDSON, TX US",07/11/24,0,98,75,83
USC00417588,"RICHARDSON, TX US",07/10/24,0,98,75,83
USC00417588,"RICHARDSON, TX US",07/09/24,0,94,70,82
USC00417588,"RICHARDSON, TX US",07/08/24,0.35,83,73,75
USC00417588,"RICHARDSON, TX US",07/07/24,0,97,72,80
USC00417588,"RICHARDSON, TX US",07/06/24,0,94,72,75
USC00417588,"RICHARDSON, TX US",07/05/24,0.01,90,75,75
USC00417588,"RICHARDSON, TX US",07/04/24,0,99,81,90
USC00417588,"RICHARDSON, TX US",07/03/24,0,99,80,89
USC00417588,"RICHARDSON, TX US",07/02/24,0,99,80,89
USC00417588,"RICHARDSON, TX US",07/01/24,0,99,84,91
USC00417588,"RICHARDSON, TX US",06/30/24,0,100,82,90
USC00417588,"RICHARDSON, TX US",06/29/24,0,98,80,89
USC00417588,"RICHARDSON, TX US",06/28/24,0,99,79,89
USC00417588,"RICHARDSON, TX US",06/27/24,0,96,78,85
USC00417588,"RICHARDSON, TX US",06/26/24,0,97,82,87
USC00417588,"RICHARDSON, TX US",06/25/24,0,96,80,88
USC00417588,"RICHARDSON, TX US",06/24/24,0,97,82,87
USC00417588,"RICHARDSON, TX US",06/23/24,0,98,79,88
USC00417588,"RICHARDSON, TX US",06/22/24,0,93,76,84
USC00417588,"RICHARDSON, TX US",06/21/24,0,94,77,86
USC00417588,"RICHARDSON, TX US",06/20/24,0,91,76,80
USC00417588,"RICHARDSON, TX US",06/19/24,0,87,73,79
USC00417588,"RICHARDSON, TX US",06/18/24,0,91,75,77
USC00417588,"RICHARDSON, TX US",06/17/24,0,93,77,78
USC00417588,"RICHARDSON, TX US",06/16/24,0,93,75,82
USC00417588,"RICHARDSON, TX US",06/15/24,0,93,79,83
USC00417588,"RICHARDSON, TX US",06/14/24,0,95,72,83
USC00417588,"RICHARDSON, TX US",06/13/24,0,93,72,77
USC00417588,"RICHARDSON, TX US",06/12/24,0,90,71,81
USC00417588,"RICHARDSON, TX US",06/11/24,0.02,84,71,76
USC00417588,"RICHARDSON, TX US",06/10/24,0,83,75,75
USC00417588,"RICHARDSON, TX US",06/09/24,0,94,75,78
USC00417588,"RICHARDSON, TX US",06/08/24,0,96,76,84
USC00417588,"RICHARDSON, TX US",06/07/24,0,94,74,80
USC00417588,"RICHARDSON, TX US",06/06/24,0.01,95,66,81
USC00417588,"RICHARDSON, TX US",06/05/24,1.07,89,67,73
USC00417588,"RICHARDSON, TX US",06/04/24,0.16,90,66,83
USC00417588,"RICHARDSON, TX US",06/03/24,0.98,86,68,72
USC00417588,"RICHARDSON, TX US",06/02/24,1.26,84,67,68
USC00417588,"RICHARDSON, TX US",06/01/24,0.69,78,69,70
USC00417588,"RICHARDSON, TX US",05/31/24,0.74,84,65,74
USC00417588,"RICHARDSON, TX US",05/30/24,2.8,77,66,66
USC00417588,"RICHARDSON, TX US",05/29/24,0,87,69,72
USC00417588,"RICHARDSON, TX US",05/28/24,0,84,64,70
USC00417588,"RICHARDSON, TX US",05/27/24,0.08,96,71,83
USC00417588,"RICHARDSON, TX US",05/26/24,0.11,97,69,74
USC00417588,"RICHARDSON, TX US",05/25/24,0,89,68,84
USC00417588,"RICHARDSON, TX US",05/24/24,0.07,89,73,73
USC00417588,"RICHARDSON, TX US",05/23/24,0.02,90,71,76
USC00417588,"RICHARDSON, TX US",05/22/24,0,84,70,72
USC00417588,"RICHARDSON, TX US",05/21/24,0,88,74,81
USC00417588,"RICHARDSON, TX US",05/20/24,0,90,72,81
USC00417588,"RICHARDSON, TX US",05/19/24,0,91,67,78
USC00417588,"RICHARDSON, TX US",05/18/24,0,90,67,78
USC00417588,"RICHARDSON, TX US",05/17/24,0.02,82,62,73
USC00417588,"RICHARDSON, TX US",05/16/24,0.58,79,64,65
USC00417588,"RICHARDSON, TX US",05/15/24,0,89,63,79
USC00417588,"RICHARDSON, TX US",05/14/24,0,83,64,70
USC00417588,"RICHARDSON, TX US",05/13/24,0.01,82,63,72
USC00417588,"RICHARDSON, TX US",05/12/24,0.75,68,63,64
USC00417588,"RICHARDSON, TX US",05/11/24,0.05,80,62,68
USC00417588,"RICHARDSON, TX US",05/10/24,0,82,64,72
USC00417588,"RICHARDSON, TX US",05/09/24,0,82,64,64
USC00417588,"RICHARDSON, TX US",05/08/24,0,93,79,79
USC00417588,"RICHARDSON, TX US",05/07/24,0,91,73,80
USC00417588,"RICHARDSON, TX US",05/06/24,0,82,70,77
USC00417588,"RICHARDSON, TX US",05/05/24,2.67,81,64,73
USC00417588,"RICHARDSON, TX US",05/04/24,0.38,82,66,75
USC00417588,"RICHARDSON, TX US",05/03/24,0,83,68,71
USC00417588,"RICHARDSON, TX US",05/02/24,1.06,82,64,74
USC00417588,"RICHARDSON, TX US",05/01/24,0,83,65,75
USC00417588,"RICHARDSON, TX US",04/30/24,0,83,65,75
USC00417588,"RICHARDSON, TX US",04/29/24,0.04,83,61,67
USC00417588,"RICHARDSON, TX US",04/28/24,2.11,81,61,65
USC00417588,"RICHARDSON, TX US",04/27/24,0.01,81,70,75
USC00417588,"RICHARDSON, TX US",04/26/24,0.18,74,68,70
USC00417588,"RICHARDSON, TX US",04/25/24,0,77,68,74
USC00417588,"RICHARDSON, TX US",04/24/24,0,83,65,74
USC00417588,"RICHARDSON, TX US",04/23/24,0,75,55,70
USC00417588,"RICHARDSON, TX US",04/22/24,0,70,43,61
USC00417588,"RICHARDSON, TX US",04/21/24,0,64,49,49
USC00417588,"RICHARDSON, TX US",04/20/24,2.25,70,48,49
USC00417588,"RICHARDSON, TX US",04/19/24,0,70,61,68
USC00417588,"RICHARDSON, TX US",04/18/24,0,85,61,61
USC00417588,"RICHARDSON, TX US",04/17/24,0,84,69,72
USC00417588,"RICHARDSON, TX US",04/16/24,0.05,85,73,74
USC00417588,"RICHARDSON, TX US",04/15/24,0,76,68,73
USC00417588,"RICHARDSON, TX US",04/14/24,0,80,63,71
USC00417588,"RICHARDSON, TX US",04/13/24,0,81,60,70
USC00417588,"RICHARDSON, TX US",04/12/24,0,78,49,68
USC00417588,"RICHARDSON, TX US",04/11/24,0,71,49,61
USC00417588,"RICHARDSON, TX US",04/10/24,0.2,64,55,55
USC00417588,"RICHARDSON, TX US",04/09/24,1.32,67,59,62
USC00417588,"RICHARDSON, TX US",04/08/24,0.03,81,57,67
USC00417588,"RICHARDSON, TX US",04/07/24,0,78,60,62
USC00417588,"RICHARDSON, TX US",04/06/24,0,75,62,69
USC00417588,"RICHARDSON, TX US",04/05/24,0,84,56,73
USC00417588,"RICHARDSON, TX US",04/04/24,0,83,46,63
USC00417588,"RICHARDSON, TX US",04/03/24,0,71,49,53
USC00417588,"RICHARDSON, TX US",04/02/24,0,79,54,60
USC00417588,"RICHARDSON, TX US",04/01/24,0.3,79,66,70
USC00417588,"RICHARDSON, TX US",03/31/24,0,76,62,68
USC00417588,"RICHARDSON, TX US",03/30/24,0,76,62,68
USC00417588,"RICHARDSON, TX US",03/29/24,0,76,57,67
USC00417588,"RICHARDSON, TX US",03/28/24,0,72,42,57
USC00417588,"RICHARDSON, TX US",03/27/24,0,65,43,53
USC00417588,"RICHARDSON, TX US",03/26/24,0,58,38,48
USC00417588,"RICHARDSON, TX US",03/25/24,1.3,72,49,49
USC00417588,"RICHARDSON, TX US",03/24/24,0,67,46,65
USC00417588,"RICHARDSON, TX US",03/23/24,0,67,43,60
USC00417588,"RICHARDSON, TX US",03/22/24,0,68,53,55
USC00417588,"RICHARDSON, TX US",03/21/24,1.8,65,52,57
USC00417588,"RICHARDSON, TX US",03/20/24,0,73,51,52
USC00417588,"RICHARDSON, TX US",03/19/24,0,67,36,56
USC00417588,"RICHARDSON, TX US",03/18/24,0,57,45,45
USC00417588,"RICHARDSON, TX US",03/17/24,0.02,66,55,55
USC00417588,"RICHARDSON, TX US",03/16/24,1.26,61,55,57
USC00417588,"RICHARDSON, TX US",03/15/24,0.5,70,55,59
USC00417588,"RICHARDSON, TX US",03/14/24,0,78,69,69
USC00417588,"RICHARDSON, TX US",03/13/24,0,79,62,69
USC00417588,"RICHARDSON, TX US",03/12/24,0,73,53,67
USC00417588,"RICHARDSON, TX US",03/11/24,0.02,69,46,59
USC00417588,"RICHARDSON, TX US",03/10/24,0,64,38,49
USC00417588,"RICHARDSON, TX US",03/09/24,0,58,41,46
USC00417588,"RICHARDSON, TX US",03/08/24,0.5,69,43,43
USC00417588,"RICHARDSON, TX US",03/07/24,1.5,70,58,61
USC00417588,"RICHARDSON, TX US",03/06/24,0.01,74,52,66
USC00417588,"RICHARDSON, TX US",03/05/24,0,81,60,63
USC00417588,"RICHARDSON, TX US",03/04/24,0,81,66,70
USC00417588,"RICHARDSON, TX US",03/03/24,0,79,60,70
USC00417588,"RICHARDSON, TX US",03/02/24,0,81,50,63
USC00417588,"RICHARDSON, TX US",03/01/24,0,66,41,56
USC00417588,"RICHARDSON, TX US",02/29/24,0.09,52,40,41
USC00417588,"RICHARDSON, TX US",02/28/24,0,72,38,43
USC00417588,"RICHARDSON, TX US",02/27/24,0,77,66,72
USC00417588,"RICHARDSON, TX US",02/26/24,0,91,59,72
USC00417588,"RICHARDSON, TX US",02/25/24,0,82,56,67
USC00417588,"RICHARDSON, TX US",02/24/24,0,76,47,57
USC00417588,"RICHARDSON, TX US",02/23/24,0,71,52,59
USC00417588,"RICHARDSON, TX US",02/22/24,0,79,62,63
USC00417588,"RICHARDSON, TX US",02/21/24,0,79,56,66
USC00417588,"RICHARDSON, TX US",02/20/24,0,79,41,66
USC00417588,"RICHARDSON, TX US",02/19/24,0,66,40,50
USC00417588,"RICHARDSON, TX US",02/18/24,0,52,26,40
USC00417588,"RICHARDSON, TX US",02/17/24,0,43,32,33
USC00417588,"RICHARDSON, TX US",02/16/24,0,70,40,40
USC00417588,"RICHARDSON, TX US",02/15/24,0,69,44,61
USC00417588,"RICHARDSON, TX US",02/14/24,0,66,44,57
USC00417588,"RICHARDSON, TX US",02/13/24,0.01,63,33,47
USC00417588,"RICHARDSON, TX US",02/12/24,0,54,37,43
USC00417588,"RICHARDSON, TX US",02/11/24,0.47,51,40,40
USC00417588,"RICHARDSON, TX US",02/10/24,0.33,58,50,51
USC00417588,"RICHARDSON, TX US",02/09/24,0,71,50,58
USC00417588,"RICHARDSON, TX US",02/08/24,0.01,69,53,61
USC00417588,"RICHARDSON, TX US",02/07/24,0.01,67,49,60
USC00417588,"RICHARDSON, TX US",02/06/24,0,67,49,52
USC00417588,"RICHARDSON, TX US",02/05/24,0.02,62,46,49
USC00417588,"RICHARDSON, TX US",02/04/24,0.04,62,48,51
USC00417588,"RICHARDSON, TX US",02/03/24,0.75,65,52,53
USC00417588,"RICHARDSON, TX US",02/02/24,0.1,71,48,61
USC00417588,"RICHARDSON, TX US",02/01/24,0,71,48,60
USC00417588,"RICHARDSON, TX US",01/31/24,0,75,44,58
USC00417588,"RICHARDSON, TX US",01/30/24,0,75,48,51
USC00417588,"RICHARDSON, TX US",01/29/24,0,75,45,52
USC00417588,"RICHARDSON, TX US",01/28/24,0.01,60,33,45
USC00417588,"RICHARDSON, TX US",01/27/24,0.4,53,37,37
USC00417588,"RICHARDSON, TX US",01/26/24,0.13,53,46,53
USC00417588,"RICHARDSON, TX US",01/25/24,0,51,47,49
USC00417588,"RICHARDSON, TX US",01/24/24,0.03,51,31,49
USC00417588,"RICHARDSON, TX US",01/23/24,1,49,31,48
USC00417588,"RICHARDSON, TX US",01/22/24,1,42,31,41
USC00417588,"RICHARDSON, TX US",01/21/24,0.01,37,29,33
USC00417588,"RICHARDSON, TX US",01/20/24,0,36,18,30
USC00417588,"RICHARDSON, TX US",01/19/24,0,45,26,30
USC00417588,"RICHARDSON, TX US",01/18/24,0,58,36,45
USC00417588,"RICHARDSON, TX US",01/17/24,0,41,15,36
USC00417588,"RICHARDSON, TX US",01/16/24,0,26,9,16
USC00417588,"RICHARDSON, TX US",01/15/24,0,24,6,16
USC00417588,"RICHARDSON, TX US",01/14/24,0.01,32,10,11
USC00417588,"RICHARDSON, TX US",01/13/24,0,62,23,32
USC00417588,"RICHARDSON, TX US",01/12/24,0.2,62,27,37
USC00417588,"RICHARDSON, TX US",01/11/24,0,69,32,61
USC00417588,"RICHARDSON, TX US",01/10/24,0,65,32,51
USC00417588,"RICHARDSON, TX US",01/09/24,0,47,32,32
USC00417588,"RICHARDSON, TX US",01/08/24,1,55,39,39
USC00417588,"RICHARDSON, TX US",01/07/24,0.01,59,32,48
USC00417588,"RICHARDSON, TX US",01/06/24,0,49,40,40
USC00417588,"RICHARDSON, TX US",01/05/24,0.4,49,42,43
USC00417588,"RICHARDSON, TX US",01/04/24,0.1,57,36,49
USC00417588,"RICHARDSON, TX US",01/03/24,0,56,31,40
USC00417588,"RICHARDSON, TX US",01/02/24,0.23,47,31,41
USC00417588,"RICHARDSON, TX US",01/01/24,0,47,31,34
USC00417588,"RICHARDSON, TX US",12/31/23,0,64,38,42
USC00417588,"RICHARDSON, TX US",12/30/23,0,63,32,44
USC00417588,"RICHARDSON, TX US",12/29/23,0,54,32,43
USC00417588,"RICHARDSON, TX US",12/28/23,0,49,34,37
USC00417588,"RICHARDSON, TX US",12/27/23,0,74,38,38
USC00417588,"RICHARDSON, TX US",12/26/23,0,89,35,74
USC00417588,"RICHARDSON, TX US",12/25/23,0.03,49,35,35
USC00417588,"RICHARDSON, TX US",12/24/23,0.02,63,35,35
USC00417588,"RICHARDSON, TX US",12/23/23,0.23,63,58,63
USC00417588,"RICHARDSON, TX US",12/22/23,0.31,67,55,60
USC00417588,"RICHARDSON, TX US",12/21/23,0.71,59,55,55
USC00417588,"RICHARDSON, TX US",12/20/23,0,64,45,58
USC00417588,"RICHARDSON, TX US",12/19/23,0,61,35,47
USC00417588,"RICHARDSON, TX US",12/18/23,0,61,42,43
USC00417588,"RICHARDSON, TX US",12/17/23,0.01,68,35,48
USC00417588,"RICHARDSON, TX US",12/16/23,0,57,40,40
USC00417588,"RICHARDSON, TX US",12/15/23,0.65,58,46,46
USC00417588,"RICHARDSON, TX US",12/14/23,0,63,44,58
USC00417588,"RICHARDSON, TX US",12/13/23,0,61,45,48
USC00417588,"RICHARDSON, TX US",12/12/23,0,63,33,50
USC00417588,"RICHARDSON, TX US",12/11/23,0,63,33,48
USC00417588,"RICHARDSON, TX US",12/10/23,0,52,35,40
USC00417588,"RICHARDSON, TX US",12/09/23,0,65,46,46
USC00417588,"RICHARDSON, TX US",12/08/23,0,77,62,65
USC00417588,"RICHARDSON, TX US",12/07/23,0,69,46,62
USC00417588,"RICHARDSON, TX US",12/06/23,0,63,43,51
USC00417588,"RICHARDSON, TX US",12/05/23,0,69,39,52
USC00417588,"RICHARDSON, TX US",12/04/23,0,63,43,43
USC00417588,"RICHARDSON, TX US",12/03/23,0.01,71,42,57
USC00417588,"RICHARDSON, TX US",12/02/23,0,64,40,53
USC00417588,"RICHARDSON, TX US",12/01/23,0,60,43,45
USC00417588,"RICHARDSON, TX US",11/30/23,0.32,62,53,60
USC00417588,"RICHARDSON, TX US",11/29/23,0,64,40,57
USC00417588,"RICHARDSON, TX US",11/28/23,0,59,36,43
USC00417588,"RICHARDSON, TX US",11/27/23,0,52,30,42
USC00417588,"RICHARDSON, TX US",11/26/23,0.01,51,34,37
USC00417588,"RICHARDSON, TX US",11/25/23,0.14,61,41,50
USC00417588,"RICHARDSON, TX US",11/24/23,0,62,39,47
USC00417588,"RICHARDSON, TX US",11/23/23,0,58,40,45
USC00417588,"RICHARDSON, TX US",11/22/23,0,61,38,50
USC00417588,"RICHARDSON, TX US",11/21/23,0,58,45,45
USC00417588,"RICHARDSON, TX US",11/20/23,0,74,53,54
USC00417588,"RICHARDSON, TX US",11/19/23,0.04,63,53,62
USC00417588,"RICHARDSON, TX US",11/18/23,0,72,57,57
USC00417588,"RICHARDSON, TX US",11/17/23,0,60,56,58
USC00417588,"RICHARDSON, TX US",11/16/23,0,61,51,58
USC00417588,"RICHARDSON, TX US",11/15/23,0,71,47,54
USC00417588,"RICHARDSON, TX US",11/14/23,0,69,50,52
USC00417588,"RICHARDSON, TX US",11/13/23,0,63,50,53
USC00417588,"RICHARDSON, TX US",11/12/23,0,63,49,53
USC00417588,"RICHARDSON, TX US",11/11/23,0,63,52,57
USC00417588,"RICHARDSON, TX US",11/10/23,0.01,73,51,55
USC00417588,"RICHARDSON, TX US",11/09/23,0.35,73,51,73
USC00417588,"RICHARDSON, TX US",11/08/23,0,84,66,71
USC00417588,"RICHARDSON, TX US",11/07/23,0,81,62,66
USC00417588,"RICHARDSON, TX US",11/06/23,0,80,63,69
USC00417588,"RICHARDSON, TX US",11/05/23,0,78,59,66
USC00417588,"RICHARDSON, TX US",11/04/23,0,72,53,62
USC00417588,"RICHARDSON, TX US",11/03/23,0,71,45,61
USC00417588,"RICHARDSON, TX US",11/02/23,0,62,33,51
USC00417588,"RICHARDSON, TX US",11/01/23,0,55,33,43
USC00417588,"RICHARDSON, TX US",10/31/23,0,59,34,44
USC00417588,"RICHARDSON, TX US",10/30/23,0.52,48,36,42
USC00417588,"RICHARDSON, TX US",10/29/23,0.08,57,39,39
USC00417588,"RICHARDSON, TX US",10/28/23,1.84,64,56,57
USC00417588,"RICHARDSON, TX US",10/27/23,0.01,86,63,63
USC00417588,"RICHARDSON, TX US",10/26/23,2,80,67,72
USC00417588,"RICHARDSON, TX US",10/25/23,0.69,79,62,68
USC00417588,"RICHARDSON, TX US",10/24/23,0.9,73,70,73
USC00417588,"RICHARDSON, TX US",10/23/23,0.01,76,70,70
USC00417588,"RICHARDSON, TX US",10/22/23,0,82,63,76
USC00417588,"RICHARDSON, TX US",10/21/23,0,89,61,74
USC00417588,"RICHARDSON, TX US",10/20/23,0,89,62,65
USC00417588,"RICHARDSON, TX US",10/19/23,0,84,54,66
USC00417588,"RICHARDSON, TX US",10/18/23,0,80,53,62
USC00417588,"RICHARDSON, TX US",10/17/23,0,72,44,61
USC00417588,"RICHARDSON, TX US",10/16/23,0,65,47,48
USC00417588,"RICHARDSON, TX US",10/15/23,0,65,51,54
USC00417588,"RICHARDSON, TX US",10/14/23,0,69,54,59
USC00417588,"RICHARDSON, TX US",10/13/23,0,78,66,66
USC00417588,"RICHARDSON, TX US",10/12/23,0,75,62,68
USC00417588,"RICHARDSON, TX US",10/11/23,0,75,64,65
USC00417588,"RICHARDSON, TX US",10/10/23,0,87,61,71
USC00417588,"RICHARDSON, TX US",10/09/23,0,87,60,74
USC00417588,"RICHARDSON, TX US",10/08/23,0,77,49,65
USC00417588,"RICHARDSON, TX US",10/07/23,0,68,53,60
USC00417588,"RICHARDSON, TX US",10/06/23,0,86,62,66
USC00417588,"RICHARDSON, TX US",10/05/23,0.11,81,68,72
USC00417588,"RICHARDSON, TX US",10/04/23,2.3,92,69,69
USC00417588,"RICHARDSON, TX US",10/03/23,0,89,69,78
USC00417588,"RICHARDSON, TX US",10/02/23,0,90,67,78
USC00417588,"RICHARDSON, TX US",10/01/23,0,93,67,74
USC00417588,"RICHARDSON, TX US",09/30/23,0,93,71,78
USC00417588,"RICHARDSON, TX US",09/29/23,0,95,81,81
USC00417588,"RICHARDSON, TX US",09/28/23,0,95,71,83
USC00417588,"RICHARDSON, TX US",09/27/23,0.14,94,69,80
USC00417588,"RICHARDSON, TX US",09/26/23,0,93,69,78
USC00417588,"RICHARDSON, TX US",09/25/23,0.21,90,71,79
USC00417588,"RICHARDSON, TX US",09/24/23,0.2,99,74,75
USC00417588,"RICHARDSON, TX US",09/23/23,0,98,75,85
USC00417588,"RICHARDSON, TX US",09/22/23,0,93,76,77
USC00417588,"RICHARDSON, TX US",09/21/23,0,93,75,78
USC00417588,"RICHARDSON, TX US",09/20/23,0.1,91,68,83
USC00417588,"RICHARDSON, TX US",09/19/23,0.03,92,72,76
USC00417588,"RICHARDSON, TX US",09/18/23,0,92,63,80
USC00417588,"RICHARDSON, TX US",09/17/23,0.2,90,66,72
USC00417588,"RICHARDSON, TX US",09/16/23,0.01,86,67,75
USC00417588,"RICHARDSON, TX US",09/15/23,0,82,67,73
USC00417588,"RICHARDSON, TX US",09/14/23,0.3,75,69,69
USC00417588,"RICHARDSON, TX US",09/13/23,0.1,81,69,72
USC00417588,"RICHARDSON, TX US",09/12/23,0.04,81,69,72
USC00417588,"RICHARDSON, TX US",09/11/23,0,88,72,79
USC00417588,"RICHARDSON, TX US",09/10/23,0,94,70,78
USC00417588,"RICHARDSON, TX US",09/09/23,0,95,74,78
USC00417588,"RICHARDSON, TX US",09/08/23,0.2,107,83,90
USC00417588,"RICHARDSON, TX US",09/07/23,0,105,79,93
USC00417588,"RICHARDSON, TX US",09/06/23,0,102,81,88
USC00417588,"RICHARDSON, TX US",09/05/23,0,101,79,90
USC00417588,"RICHARDSON, TX US",09/04/23,0,96,78,85
USC00417588,"RICHARDSON, TX US",09/03/23,0.04,97,72,82
USC00417588,"RICHARDSON, TX US",09/02/23,0,96,70,82
USC00417588,"RICHARDSON, TX US",09/01/23,0,95,75,82
USC00417588,"RICHARDSON, TX US",08/31/23,0,97,73,83
USC00417588,"RICHARDSON, TX US",08/30/23,0,95,77,85
USC00417588,"RICHARDSON, TX US",08/29/23,0,95,74,86
USC00417588,"RICHARDSON, TX US",08/28/23,0,92,76,81
USC00417588,"RICHARDSON, TX US",08/27/23,0,100,83,85
USC00417588,"RICHARDSON, TX US",08/26/23,0,107,90,91
USC00417588,"RICHARDSON, TX US",08/25/23,0,106,77,90
USC00417588,"RICHARDSON, TX US",08/24/23,0.12,104,84,92
USC00417588,"RICHARDSON, TX US",08/23/23,0,102,84,90
USC00417588,"RICHARDSON, TX US",08/22/23,0,102,82,91
USC00417588,"RICHARDSON, TX US",08/21/23,0,107,81,92
USC00417588,"RICHARDSON, TX US",08/20/23,0,104,84,93
USC00417588,"RICHARDSON, TX US",08/19/23,0,108,81,94
USC00417588,"RICHARDSON, TX US",08/18/23,0,108,81,94
USC00417588,"RICHARDSON, TX US",08/17/23,0,108,74,93
USC00417588,"RICHARDSON, TX US",08/16/23,0,94,68,81
USC00417588,"RICHARDSON, TX US",08/15/23,0,90,76,81
USC00417588,"RICHARDSON, TX US",08/14/23,0,97,81,81
USC00417588,"RICHARDSON, TX US",08/13/23,0,104,83,93
USC00417588,"RICHARDSON, TX US",08/12/23,0,105,84,92
USC00417588,"RICHARDSON, TX US",08/11/23,0,104,83,93
USC00417588,"RICHARDSON, TX US",08/10/23,0,106,84,94
USC00417588,"RICHARDSON, TX US",08/09/23,0,105,82,87
USC00417588,"RICHARDSON, TX US",08/08/23,0,99,84,91
USC00417588,"RICHARDSON, TX US",08/07/23,0,102,85,93
USC00417588,"RICHARDSON, TX US",08/06/23,0,102,84,93
USC00417588,"RICHARDSON, TX US",08/05/23,0,104,84,93
USC00417588,"RICHARDSON, TX US",08/04/23,0,104,84,93
USC00417588,"RICHARDSON, TX US",08/03/23,0,103,85,91
USC00417588,"RICHARDSON, TX US",08/02/23,0,105,82,92
USC00417588,"RICHARDSON, TX US",08/01/23,0,105,81,89
USC00417588,"RICHARDSON, TX US",07/31/23,0,104,79,90
USC00417588,"RICHARDSON, TX US",07/30/23,0,102,77,88
USC00417588,"RICHARDSON, TX US",07/29/23,0,100,81,87
USC00417588,"RICHARDSON, TX US",07/28/23,0,99,81,88
USC00417588,"RICHARDSON, TX US",07/27/23,0,91,76,87
USC00417588,"RICHARDSON, TX US",07/26/23,0,103,82,85
USC00417588,"RICHARDSON, TX US",07/25/23,0,102,78,86
USC00417588,"RICHARDSON, TX US",07/24/23,0,100,75,86
USC00417588,"RICHARDSON, TX US",07/23/23,0,96,69,82
USC00417588,"RICHARDSON, TX US",07/22/23,0,100,82,82
USC00417588,"RICHARDSON, TX US",07/21/23,0,100,82,88
USC00417588,"RICHARDSON, TX US",07/20/23,0,103,80,88
USC00417588,"RICHARDSON, TX US",07/19/23,0,103,80,88
USC00417588,"RICHARDSON, TX US",07/18/23,0,105,83,91
USC00417588,"RICHARDSON, TX US",07/17/23,0,103,74,92
USC00417588,"RICHARDSON, TX US",07/16/23,1.41,88,72,77
USC00417588,"RICHARDSON, TX US",07/15/23,0,101,81,88
USC00417588,"RICHARDSON, TX US",07/14/23,0,99,83,88
USC00417588,"RICHARDSON, TX US",07/13/23,0,100,81,89
USC00417588,"RICHARDSON, TX US",07/12/23,0,102,79,91
USC00417588,"RICHARDSON, TX US",07/11/23,0.01,92,74,83
USC00417588,"RICHARDSON, TX US",07/10/23,0.35,94,74,84
USC00417588,"RICHARDSON, TX US",07/09/23,0.77,87,72,79
USC00417588,"RICHARDSON, TX US",07/08/23,0,94,75,86
USC00417588,"RICHARDSON, TX US",07/07/23,0.6,96,76,81
USC00417588,"RICHARDSON, TX US",07/06/23,0,97,79,87
USC00417588,"RICHARDSON, TX US",07/05/23,0,96,73,86
USC00417588,"RICHARDSON, TX US",07/04/23,0.02,99,72,73
USC00417588,"RICHARDSON, TX US",07/03/23,0,92,74,83
USC00417588,"RICHARDSON, TX US",07/02/23,0,89,79,79
USC00417588,"RICHARDSON, TX US",07/01/23,0,96,86,86
USC00417588,"RICHARDSON, TX US",06/30/23,0,96,80,86
USC00417588,"RICHARDSON, TX US",06/29/23,0,99,80,87
USC00417588,"RICHARDSON, TX US",06/28/23,0,97,78,86
USC00417588,"RICHARDSON, TX US",06/27/23,0,101,79,87
USC00417588,"RICHARDSON, TX US",06/26/23,0,98,80,88
USC00417588,"RICHARDSON, TX US",06/25/23,0,99,79,89
USC00417588,"RICHARDSON, TX US",06/24/23,0,97,75,86
USC00417588,"RICHARDSON, TX US",06/23/23,0,92,76,78
USC00417588,"RICHARDSON, TX US",06/22/23,0,91,76,82
USC00417588,"RICHARDSON, TX US",06/21/23,0.26,98,78,78
USC00417588,"RICHARDSON, TX US",06/20/23,0,98,81,84
USC00417588,"RICHARDSON, TX US",06/19/23,0,97,80,88
USC00417588,"RICHARDSON, TX US",06/18/23,0,91,71,80
USC00417588,"RICHARDSON, TX US",06/17/23,0,95,74,85
USC00417588,"RICHARDSON, TX US",06/16/23,0,95,68,78
USC00417588,"RICHARDSON, TX US",06/15/23,0,94,72,74
USC00417588,"RICHARDSON, TX US",06/14/23,0,89,74,75
USC00417588,"RICHARDSON, TX US",06/13/23,0.1,77,67,75
USC00417588,"RICHARDSON, TX US",06/12/23,0,87,69,74
USC00417588,"RICHARDSON, TX US",06/11/23,0.04,97,72,74
USC00417588,"RICHARDSON, TX US",06/10/23,0,92,74,75
USC00417588,"RICHARDSON, TX US",06/09/23,0,95,70,84
USC00417588,"RICHARDSON, TX US",06/08/23,0,92,68,73
USC00417588,"RICHARDSON, TX US",06/07/23,0,91,67,70
USC00417588,"RICHARDSON, TX US",06/06/23,0.36,89,68,70
USC00417588,"RICHARDSON, TX US",06/05/23,0,85,65,74
USC00417588,"RICHARDSON, TX US",06/04/23,0.03,87,66,74
USC00417588,"RICHARDSON, TX US",06/03/23,0,91,67,69
USC00417588,"RICHARDSON, TX US",06/02/23,0,90,70,80
USC00417588,"RICHARDSON, TX US",06/01/23,0,89,71,78
USC00417588,"RICHARDSON, TX US",05/31/23,0,,,
USC00417588,"RICHARDSON, TX US",05/30/23,0.26,86,66,70
USC00417588,"RICHARDSON, TX US",05/29/23,0,90,67,69
USC00417588,"RICHARDSON, TX US",05/28/23,0,87,68,72
USC00417588,"RICHARDSON, TX US",05/27/23,0,82,70,73
USC00417588,"RICHARDSON, TX US",05/26/23,0,87,67,74
USC00417588,"RICHARDSON, TX US",05/25/23,0,83,65,67
USC00417588,"RICHARDSON, TX US",05/24/23,0,86,68,72
USC00417588,"RICHARDSON, TX US",05/23/23,0,85,66,72
USC00417588,"RICHARDSON, TX US",05/22/23,0,82,61,71
USC00417588,"RICHARDSON, TX US",05/21/23,0,75,59,68
USC00417588,"RICHARDSON, TX US",05/20/23,0,92,51,69
USC00417588,"RICHARDSON, TX US",05/19/23,0.14,92,72,73
USC00417588,"RICHARDSON, TX US",05/18/23,0,86,68,74
USC00417588,"RICHARDSON, TX US",05/17/23,0,82,60,68
USC00417588,"RICHARDSON, TX US",05/16/23,0,76,63,63
USC00417588,"RICHARDSON, TX US",05/15/23,1,84,66,72
USC00417588,"RICHARDSON, TX US",05/14/23,0.55,74,69,69
USC00417588,"RICHARDSON, TX US",05/13/23,0,86,69,70
USC00417588,"RICHARDSON, TX US",05/12/23,0,87,75,78
USC00417588,"RICHARDSON, TX US",05/11/23,0.02,86,65,77
USC00417588,"RICHARDSON, TX US",05/10/23,0.05,75,66,66
USC00417588,"RICHARDSON, TX US",05/09/23,0.03,83,68,75
USC00417588,"RICHARDSON, TX US",05/08/23,0.03,86,70,74
USC00417588,"RICHARDSON, TX US",05/07/23,0,85,66,75
USC00417588,"RICHARDSON, TX US",05/06/23,0.41,86,66,66
USC00417588,"RICHARDSON, TX US",05/05/23,0,93,68,79
USC00417588,"RICHARDSON, TX US",05/04/23,0,81,62,71
USC00417588,"RICHARDSON, TX US",05/03/23,0,80,63,65
USC00417588,"RICHARDSON, TX US",05/02/23,0,80,53,66
USC00417588,"RICHARDSON, TX US",05/01/23,0,75,55,55
USC00417588,"RICHARDSON, TX US",04/30/23,0,79,56,66
USC00417588,"RICHARDSON, TX US",04/29/23,0,69,52,60
USC00417588,"RICHARDSON, TX US",04/28/23,0.42,73,50,55
USC00417588,"RICHARDSON, TX US",04/27/23,0.01,67,53,53
USC00417588,"RICHARDSON, TX US",04/26/23,0.7,60,53,58
USC00417588,"RICHARDSON, TX US",04/25/23,0.02,70,57,60
USC00417588,"RICHARDSON, TX US",04/24/23,0,66,50,62
USC00417588,"RICHARDSON, TX US",04/23/23,0.03,56,45,50
USC00417588,"RICHARDSON, TX US",04/22/23,0,75,51,52
USC00417588,"RICHARDSON, TX US",04/21/23,0,75,55,56
USC00417588,"RICHARDSON, TX US",04/20/23,1,74,60,61
USC00417588,"RICHARDSON, TX US",04/19/23,0,82,67,73
USC00417588,"RICHARDSON, TX US",04/18/23,0,72,62,67
USC00417588,"RICHARDSON, TX US",04/17/23,0,79,47,65
USC00417588,"RICHARDSON, TX US",04/16/23,0,71,47,53
USC00417588,"RICHARDSON, TX US",04/15/23,0,79,57,57
USC00417588,"RICHARDSON, TX US",04/14/23,0,78,65,71
USC00417588,"RICHARDSON, TX US",04/13/23,0,79,55,65
USC00417588,"RICHARDSON, TX US",04/12/23,0,77,51,64
USC00417588,"RICHARDSON, TX US",04/11/23,0,76,51,59
USC00417588,"RICHARDSON, TX US",04/10/23,0,73,56,62
USC00417588,"RICHARDSON, TX US",04/09/23,0.02,73,51,63
USC00417588,"RICHARDSON, TX US",04/08/23,0,73,54,57
USC00417588,"RICHARDSON, TX US",04/07/23,0,60,50,57
USC00417588,"RICHARDSON, TX US",04/06/23,0,57,49,54
USC00417588,"RICHARDSON, TX US",04/05/23,0,76,51,55
USC00417588,"RICHARDSON, TX US",04/04/23,0,91,62,75
USC00417588,"RICHARDSON, TX US",04/03/23,0,91,62,77
USC00417588,"RICHARDSON, TX US",04/02/23,0.1,77,55,62
USC00417588,"RICHARDSON, TX US",04/01/23,0,75,56,57
USC00417588,"RICHARDSON, TX US",03/31/23,0.04,84,68,68
USC00417588,"RICHARDSON, TX US",03/30/23,0,71,58,71
USC00417588,"RICHARDSON, TX US",03/29/23,0.01,64,48,59
USC00417588,"RICHARDSON, TX US",03/28/23,0,70,45,50
USC00417588,"RICHARDSON, TX US",03/27/23,0.01,67,43,48
USC00417588,"RICHARDSON, TX US",03/26/23,0,78,47,60
USC00417588,"RICHARDSON, TX US",03/25/23,0,75,52,54
USC00417588,"RICHARDSON, TX US",03/24/23,0.34,74,60,66
USC00417588,"RICHARDSON, TX US",03/23/23,0,82,66,74
USC00417588,"RICHARDSON, TX US",03/22/23,0,81,65,70
USC00417588,"RICHARDSON, TX US",03/21/23,0.09,65,48,65
USC00417588,"RICHARDSON, TX US",03/20/23,0,53,38,49
USC00417588,"RICHARDSON, TX US",03/19/23,0.01,53,32,44
USC00417588,"RICHARDSON, TX US",03/18/23,0,53,38,44
USC00417588,"RICHARDSON, TX US",03/17/23,0,53,38,44
USC00417588,"RICHARDSON, TX US",03/16/23,0.29,69,43,43
USC00417588,"RICHARDSON, TX US",03/15/23,0,68,59,60
USC00417588,"RICHARDSON, TX US",03/14/23,0,62,41,59
USC00417588,"RICHARDSON, TX US",03/13/23,0,58,44,48
USC00417588,"RICHARDSON, TX US",03/12/23,0,64,51,51
USC00417588,"RICHARDSON, TX US",03/11/23,0,74,57,64
USC00417588,"RICHARDSON, TX US",03/10/23,0,65,45,57
USC00417588,"RICHARDSON, TX US",03/09/23,0.24,68,53,53
USC00417588,"RICHARDSON, TX US",03/08/23,0.04,65,52,55
USC00417588,"RICHARDSON, TX US",03/07/23,0,81,56,65
USC00417588,"RICHARDSON, TX US",03/06/23,0,80,55,60
USC00417588,"RICHARDSON, TX US",03/05/23,0.1,76,54,64
USC00417588,"RICHARDSON, TX US",03/04/23,0,74,44,59
USC00417588,"RICHARDSON, TX US",03/03/23,1.24,62,44,50
USC00417588,"RICHARDSON, TX US",03/02/23,1,78,51,62
USC00417588,"RICHARDSON, TX US",03/01/23,0.05,70,58,58
USC00417588,"RICHARDSON, TX US",02/28/23,0,83,48,69
USC00417588,"RICHARDSON, TX US",02/27/23,0.13,74,53,57
USC00417588,"RICHARDSON, TX US",02/26/23,0.02,76,46,68
USC00417588,"RICHARDSON, TX US",02/25/23,0.1,48,38,46
USC00417588,"RICHARDSON, TX US",02/24/23,0,48,40,40
USC00417588,"RICHARDSON, TX US",02/23/23,0,66,44,45
USC00417588,"RICHARDSON, TX US",02/22/23,0.34,79,58,64
USC00417588,"RICHARDSON, TX US",02/21/23,0,79,64,71
USC00417588,"RICHARDSON, TX US",02/20/23,0,78,58,64
USC00417588,"RICHARDSON, TX US",02/19/23,0,69,43,64
USC00417588,"RICHARDSON, TX US",02/18/23,0,53,32,43
USC00417588,"RICHARDSON, TX US",02/17/23,0,50,29,33
USC00417588,"RICHARDSON, TX US",02/16/23,0,69,34,34
USC00417588,"RICHARDSON, TX US",02/15/23,0,76,45,69
USC00417588,"RICHARDSON, TX US",02/14/23,0.7,70,51,53
USC00417588,"RICHARDSON, TX US",02/13/23,0,64,41,60
USC00417588,"RICHARDSON, TX US",02/12/23,0,66,32,54
USC00417588,"RICHARDSON, TX US",02/11/23,0,54,34,42
USC00417588,"RICHARDSON, TX US",02/10/23,0.02,49,35,36
USC00417588,"RICHARDSON, TX US",02/09/23,0,62,32,48
USC00417588,"RICHARDSON, TX US",02/08/23,1.5,48,38,38
USC00417588,"RICHARDSON, TX US",02/07/23,2.1,62,47,48
USC00417588,"RICHARDSON, TX US",02/06/23,0,72,52,61
USC00417588,"RICHARDSON, TX US",02/05/23,0.02,68,40,56
USC00417588,"RICHARDSON, TX US",02/04/23,0,58,32,47
USC00417588,"RICHARDSON, TX US",02/03/23,0,53,30,35
USC00417588,"RICHARDSON, TX US",02/02/23,1,33,30,32
USC00417588,"RICHARDSON, TX US",02/01/23,0.13,30,24,30
USC00417588,"RICHARDSON, TX US",01/31/23,0.31,29,24,26
USC00417588,"RICHARDSON, TX US",01/30/23,0.05,29,24,24
USC00417588,"RICHARDSON, TX US",01/29/23,0.03,61,28,29
USC00417588,"RICHARDSON, TX US",01/28/23,0,66,44,59
USC00417588,"RICHARDSON, TX US",01/27/23,0,60,34,44
USC00417588,"RICHARDSON, TX US",01/26/23,0,52,31,37
USC00417588,"RICHARDSON, TX US",01/25/23,0,41,35,36
USC00417588,"RICHARDSON, TX US",01/24/23,1.21,47,33,35
USC00417588,"RICHARDSON, TX US",01/23/23,0,52,31,47
USC00417588,"RICHARDSON, TX US",01/22/23,0,52,37,37
USC00417588,"RICHARDSON, TX US",01/21/23,0,56,46,46
USC00417588,"RICHARDSON, TX US",01/20/23,0,61,37,50
USC00417588,"RICHARDSON, TX US",01/19/23,0,59,43,46
USC00417588,"RICHARDSON, TX US",01/18/23,0.06,69,57,58
USC00417588,"RICHARDSON, TX US",01/17/23,0,77,51,66
USC00417588,"RICHARDSON, TX US",01/16/23,0,74,55,55
USC00417588,"RICHARDSON, TX US",01/15/23,0,69,45,64
USC00417588,"RICHARDSON, TX US",01/14/23,0,61,33,48
USC00417588,"RICHARDSON, TX US",01/13/23,0,56,33,39
USC00417588,"RICHARDSON, TX US",01/12/23,0,67,42,42
USC00417588,"RICHARDSON, TX US",01/11/23,0,82,57,66
USC00417588,"RICHARDSON, TX US",01/10/23,0,80,53,65
USC00417588,"RICHARDSON, TX US",01/09/23,0,68,37,53
USC00417588,"RICHARDSON, TX US",01/08/23,0,61,39,42
USC00417588,"RICHARDSON, TX US",01/07/23,0,62,48,48
USC00417588,"RICHARDSON, TX US",01/06/23,0,69,42,61
USC00417588,"RICHARDSON, TX US",01/05/23,0,61,37,43
USC00417588,"RICHARDSON, TX US",01/04/23,0,56,36,40
USC00417588,"RICHARDSON, TX US",01/03/23,0,69,44,44
USC00417588,"RICHARDSON, TX US",01/02/23,0,75,63,69
USC00417588,"RICHARDSON, TX US",01/01/23,0,76,52,64
USC00417588,"RICHARDSON, TX US",12/31/22,0,71,46,55
USC00417588,"RICHARDSON, TX US",12/30/22,0,63,46,53
USC00417588,"RICHARDSON, TX US",12/29/22,0,72,54,54
USC00417588,"RICHARDSON, TX US",12/28/22,0,70,39,62
USC00417588,"RICHARDSON, TX US",12/27/22,0,49,22,40
USC00417588,"RICHARDSON, TX US",12/26/22,0,56,27,29
USC00417588,"RICHARDSON, TX US",12/25/22,0,50,23,28
USC00417588,"RICHARDSON, TX US",12/24/22,0,35,20,25
USC00417588,"RICHARDSON, TX US",12/23/22,0,24,9,21
USC00417588,"RICHARDSON, TX US",12/22/22,0.01,44,9,9
USC00417588,"RICHARDSON, TX US",12/21/22,0,52,31,40
USC00417588,"RICHARDSON, TX US",12/20/22,0,55,37,37
USC00417588,"RICHARDSON, TX US",12/19/22,0,48,42,42
USC00417588,"RICHARDSON, TX US",12/18/22,0,54,28,48
USC00417588,"RICHARDSON, TX US",12/17/22,0,51,27,28
USC00417588,"RICHARDSON, TX US",12/16/22,0,47,33,42
USC00417588,"RICHARDSON, TX US",12/15/22,0.01,54,35,40
USC00417588,"RICHARDSON, TX US",12/14/22,0,58,42,42
USC00417588,"RICHARDSON, TX US",12/13/22,1.25,67,54,54
USC00417588,"RICHARDSON, TX US",12/12/22,0.05,61,53,61
USC00417588,"RICHARDSON, TX US",12/11/22,0.02,56,50,53
USC00417588,"RICHARDSON, TX US",12/10/22,1.42,71,52,52
USC00417588,"RICHARDSON, TX US",12/09/22,0.02,66,57,63
USC00417588,"RICHARDSON, TX US",12/08/22,0.3,73,58,65
USC00417588,"RICHARDSON, TX US",12/07/22,0.1,73,58,59
USC00417588,"RICHARDSON, TX US",12/06/22,0.01,76,61,61
USC00417588,"RICHARDSON, TX US",12/05/22,0.02,77,50,67
USC00417588,"RICHARDSON, TX US",12/04/22,0.02,56,45,50
USC00417588,"RICHARDSON, TX US",12/03/22,0,63,44,46
USC00417588,"RICHARDSON, TX US",12/02/22,0.01,64,48,63
USC00417588,"RICHARDSON, TX US",12/01/22,0.02,52,31,50
USC00417588,"RICHARDSON, TX US",11/30/22,0,50,33,37
USC00417588,"RICHARDSON, TX US",11/29/22,0,78,41,41
USC00417588,"RICHARDSON, TX US",11/28/22,0,67,37,57
USC00417588,"RICHARDSON, TX US",11/27/22,0.03,62,44,46
USC00417588,"RICHARDSON, TX US",11/26/22,1.33,55,47,47
USC00417588,"RICHARDSON, TX US",11/25/22,0.01,57,49,55
USC00417588,"RICHARDSON, TX US",11/24/22,0.25,55,50,52
USC00417588,"RICHARDSON, TX US",11/23/22,1.05,61,39,50
USC00417588,"RICHARDSON, TX US",11/22/22,0,55,39,45
USC00417588,"RICHARDSON, TX US",11/21/22,0,60,39,39
USC00417588,"RICHARDSON, TX US",11/20/22,0,50,30,44
USC00417588,"RICHARDSON, TX US",11/19/22,0.01,43,30,34
USC00417588,"RICHARDSON, TX US",11/18/22,0,46,34,34
USC00417588,"RICHARDSON, TX US",11/17/22,0,58,30,42
USC00417588,"RICHARDSON, TX US",11/16/22,0,53,33,39
USC00417588,"RICHARDSON, TX US",11/15/22,0,42,36,37
USC00417588,"RICHARDSON, TX US",11/14/22,0.35,43,39,39
USC00417588,"RICHARDSON, TX US",11/13/22,0.01,52,29,43
USC00417588,"RICHARDSON, TX US",11/12/22,0,52,33,52
USC00417588,"RICHARDSON, TX US",11/11/22,0.33,67,39,39
USC00417588,"RICHARDSON, TX US",11/10/22,0,72,63,67
USC00417588,"RICHARDSON, TX US",11/09/22,0,81,68,70
USC00417588,"RICHARDSON, TX US",11/08/22,0.01,80,68,68
USC00417588,"RICHARDSON, TX US",11/07/22,0.13,78,64,70
USC00417588,"RICHARDSON, TX US",11/06/22,0,80,52,68
USC00417588,"RICHARDSON, TX US",11/05/22,0,64,43,57
USC00417588,"RICHARDSON, TX US",11/04/22,1.26,74,47,47
USC00417588,"RICHARDSON, TX US",11/03/22,0,78,53,73
USC00417588,"RICHARDSON, TX US",11/02/22,0,77,53,63
USC00417588,"RICHARDSON, TX US",11/01/22,0,75,52,59
USC00417588,"RICHARDSON, TX US",10/31/22,0,77,49,56
USC00417588,"RICHARDSON, TX US",10/30/22,0,73,53,54
USC00417588,"RICHARDSON, TX US",10/29/22,0.13,63,53,57
USC00417588,"RICHARDSON, TX US",10/28/22,2.04,60,51,53
USC00417588,"RICHARDSON, TX US",10/27/22,0,72,50,60
USC00417588,"RICHARDSON, TX US",10/26/22,0,73,47,56
USC00417588,"RICHARDSON, TX US",10/25/22,1.1,68,49,49
USC00417588,"RICHARDSON, TX US",10/24/22,3.1,76,61,62
USC00417588,"RICHARDSON, TX US",10/23/22,0,84,62,76
USC00417588,"RICHARDSON, TX US",10/22/22,0,84,63,74
USC00417588,"RICHARDSON, TX US",10/21/22,0,88,49,72
USC00417588,"RICHARDSON, TX US",10/20/22,0,82,47,54
USC00417588,"RICHARDSON, TX US",10/19/22,0,66,36,53
USC00417588,"RICHARDSON, TX US",10/18/22,0,62,44,49
USC00417588,"RICHARDSON, TX US",10/17/22,0,67,53,53
USC00417588,"RICHARDSON, TX US",10/16/22,0,79,62,65
USC00417588,"RICHARDSON, TX US",10/15/22,0,91,71,79
USC00417588,"RICHARDSON, TX US",10/14/22,0,86,54,72
USC00417588,"RICHARDSON, TX US",10/13/22,0,81,56,60
USC00417588,"RICHARDSON, TX US",10/12/22,0,92,67,72
USC00417588,"RICHARDSON, TX US",10/11/22,0,82,64,72
USC00417588,"RICHARDSON, TX US",10/10/22,0,86,62,72
USC00417588,"RICHARDSON, TX US",10/09/22,0,81,57,69
USC00417588,"RICHARDSON, TX US",10/08/22,0,76,61,62
USC00417588,"RICHARDSON, TX US",10/07/22,0,87,62,71
USC00417588,"RICHARDSON, TX US",10/06/22,0,88,61,70
USC00417588,"RICHARDSON, TX US",10/05/22,0,87,56,68
USC00417588,"RICHARDSON, TX US",10/04/22,0,84,56,65
USC00417588,"RICHARDSON, TX US",10/03/22,0,84,53,62
USC00417588,"RICHARDSON, TX US",10/02/22,0,83,53,60
USC00417588,"RICHARDSON, TX US",10/01/22,0,82,51,60
USC00417588,"RICHARDSON, TX US",09/30/22,0,81,59,59
USC00417588,"RICHARDSON, TX US",09/29/22,0,79,63,65
USC00417588,"RICHARDSON, TX US",09/28/22,0,88,64,73
USC00417588,"RICHARDSON, TX US",09/27/22,0,85,58,75
USC00417588,"RICHARDSON, TX US",09/26/22,0,85,66,68
USC00417588,"RICHARDSON, TX US",09/25/22,0.02,96,76,78
USC00417588,"RICHARDSON, TX US",09/24/22,0,94,72,81
USC00417588,"RICHARDSON, TX US",09/23/22,0,93,71,82
USC00417588,"RICHARDSON, TX US",09/22/22,0,97,69,74
USC00417588,"RICHARDSON, TX US",09/21/22,0,95,72,76
USC00417588,"RICHARDSON, TX US",09/20/22,0,95,73,79
USC00417588,"RICHARDSON, TX US",09/19/22,0,93,75,81
USC00417588,"RICHARDSON, TX US",09/18/22,0,92,74,82
USC00417588,"RICHARDSON, TX US",09/17/22,0,91,74,82
USC00417588,"RICHARDSON, TX US",09/16/22,0,90,69,79
USC00417588,"RICHARDSON, TX US",09/15/22,0,74,63,74
USC00417588,"RICHARDSON, TX US",09/14/22,0,87,64,70
USC00417588,"RICHARDSON, TX US",09/13/22,0,88,62,73
USC00417588,"RICHARDSON, TX US",09/12/22,0,90,66,75
USC00417588,"RICHARDSON, TX US",09/11/22,0,82,67,71
USC00417588,"RICHARDSON, TX US",09/10/22,0,88,65,73
USC00417588,"RICHARDSON, TX US",09/09/22,0,87,69,73
USC00417588,"RICHARDSON, TX US",09/08/22,0,90,73,76
USC00417588,"RICHARDSON, TX US",09/07/22,0,93,71,78
USC00417588,"RICHARDSON, TX US",09/06/22,0,93,70,77
USC00417588,"RICHARDSON, TX US",09/05/22,1.3,91,67,72
USC00417588,"RICHARDSON, TX US",09/04/22,1.14,94,65,70
USC00417588,"RICHARDSON, TX US",09/03/22,0,94,72,80
USC00417588,"RICHARDSON, TX US",09/02/22,0.05,85,72,75
USC00417588,"RICHARDSON, TX US",09/01/22,1.5,86,72,72
USC00417588,"RICHARDSON, TX US",08/31/22,0.01,89,74,77
USC00417588,"RICHARDSON, TX US",08/30/22,0.16,92,74,75
USC00417588,"RICHARDSON, TX US",08/29/22,0.35,92,76,80
USC00417588,"RICHARDSON, TX US",08/28/22,0,95,77,85
USC00417588,"RICHARDSON, TX US",08/27/22,0,93,75,83
USC00417588,"RICHARDSON, TX US",08/26/22,0,94,73,81
USC00417588,"RICHARDSON, TX US",08/25/22,0,91,71,78
USC00417588,"RICHARDSON, TX US",08/24/22,0,89,72,74
USC00417588,"RICHARDSON, TX US",08/23/22,0.25,84,72,74
USC00417588,"RICHARDSON, TX US",08/22/22,3.2,79,72,73
USC00417588,"RICHARDSON, TX US",08/21/22,0.62,86,73,73
USC00417588,"RICHARDSON, TX US",08/20/22,0,93,75,79
USC00417588,"RICHARDSON, TX US",08/19/22,0,80,71,80
USC00417588,"RICHARDSON, TX US",08/18/22,0.13,84,73,73
USC00417588,"RICHARDSON, TX US",08/17/22,0.03,102,73,74
USC00417588,"RICHARDSON, TX US",08/16/22,0,99,81,86
USC00417588,"RICHARDSON, TX US",08/15/22,0,98,80,85
USC00417588,"RICHARDSON, TX US",08/14/22,0,97,74,85
USC00417588,"RICHARDSON, TX US",08/13/22,0,98,78,85
USC00417588,"RICHARDSON, TX US",08/12/22,0,97,77,86
USC00417588,"RICHARDSON, TX US",08/11/22,0,102,74,82
USC00417588,"RICHARDSON, TX US",08/10/22,0.96,99,74,74
USC00417588,"RICHARDSON, TX US",08/09/22,0,99,80,80
USC00417588,"RICHARDSON, TX US",08/08/22,0,101,80,91
USC00417588,"RICHARDSON, TX US",08/07/22,0,99,78,89
USC00417588,"RICHARDSON, TX US",08/06/22,0,86,77,85
USC00417588,"RICHARDSON, TX US",08/05/22,0.01,102,81,85
USC00417588,"RICHARDSON, TX US",08/04/22,0,100,81,90
USC00417588,"RICHARDSON, TX US",08/03/22,0,101,81,91
USC00417588,"RICHARDSON, TX US",08/02/22,0,101,82,91
USC00417588,"RICHARDSON, TX US",08/01/22,0,101,82,85
USC00417588,"RICHARDSON, TX US",07/31/22,0,102,82,92
USC00417588,"RICHARDSON, TX US",07/30/22,0,102,80,82
USC00417588,"RICHARDSON, TX US",07/29/22,0,102,80,82
USC00417588,"RICHARDSON, TX US",07/28/22,0,102,80,88
USC00417588,"RICHARDSON, TX US",07/27/22,0,101,82,87
USC00417588,"RICHARDSON, TX US",07/26/22,0,102,80,92
USC00417588,"RICHARDSON, TX US",07/25/22,0,102,82,90
USC00417588,"RICHARDSON, TX US",07/24/22,0,100,81,91
USC00417588,"RICHARDSON, TX US",07/23/22,0,100,76,88
USC00417588,"RICHARDSON, TX US",07/22/22,0,98,81,82
USC00417588,"RICHARDSON, TX US",07/21/22,0,99,82,82
USC00417588,"RICHARDSON, TX US",07/20/22,0,107,81,96
USC00417588,"RICHARDSON, TX US",07/19/22,0,106,83,95
USC00417588,"RICHARDSON, TX US",07/18/22,0,107,81,96
USC00417588,"RICHARDSON, TX US",07/17/22,0,103,82,92
USC00417588,"RICHARDSON, TX US",07/16/22,0,99,76,88
USC00417588,"RICHARDSON, TX US",07/15/22,0,99,74,86
USC00417588,"RICHARDSON, TX US",07/14/22,0,94,79,81
USC00417588,"RICHARDSON, TX US",07/13/22,0,104,78,90
USC00417588,"RICHARDSON, TX US",07/12/22,0,101,77,85
USC00417588,"RICHARDSON, TX US",07/11/22,0,100,78,87
USC00417588,"RICHARDSON, TX US",07/10/22,0,101,81,89
USC00417588,"RICHARDSON, TX US",07/09/22,0,104,83,89
USC00417588,"RICHARDSON, TX US",07/08/22,0,103,81,91
USC00417588,"RICHARDSON, TX US",07/07/22,0,101,80,86
USC00417588,"RICHARDSON, TX US",07/06/22,0,101,79,89
USC00417588,"RICHARDSON, TX US",07/05/22,0,100,80,88
USC00417588,"RICHARDSON, TX US",07/04/22,0,98,80,91
USC00417588,"RICHARDSON, TX US",07/03/22,0,99,78,96
USC00417588,"RICHARDSON, TX US",07/02/22,0,97,76,82
USC00417588,"RICHARDSON, TX US",07/01/22,0,94,74,86
USC00417588,"RICHARDSON, TX US",06/30/22,0,97,71,81
USC00417588,"RICHARDSON, TX US",06/29/22,0,92,71,81
USC00417588,"RICHARDSON, TX US",06/28/22,0,90,71,77
USC00417588,"RICHARDSON, TX US",06/27/22,0,91,72,81
USC00417588,"RICHARDSON, TX US",06/26/22,0,91,73,82
USC00417588,"RICHARDSON, TX US",06/25/22,0,97,80,88
USC00417588,"RICHARDSON, TX US",06/24/22,0,101,79,91
USC00417588,"RICHARDSON, TX US",06/23/22,0,101,75,88
USC00417588,"RICHARDSON, TX US",06/22/22,0,98,75,88
USC00417588,"RICHARDSON, TX US",06/21/22,0,98,80,88
USC00417588,"RICHARDSON, TX US",06/20/22,0,98,74,88
USC00417588,"RICHARDSON, TX US",06/19/22,0.13,96,75,77
USC00417588,"RICHARDSON, TX US",06/18/22,0,96,75,84
USC00417588,"RICHARDSON, TX US",06/17/22,0,97,73,80
USC00417588,"RICHARDSON, TX US",06/16/22,0,98,77,82
USC00417588,"RICHARDSON, TX US",06/15/22,0,92,78,78
USC00417588,"RICHARDSON, TX US",06/14/22,0,94,76,84
USC00417588,"RICHARDSON, TX US",06/13/22,0,97,78,88
USC00417588,"RICHARDSON, TX US",06/12/22,0,100,80,88
USC00417588,"RICHARDSON, TX US",06/11/22,0,101,76,85
USC00417588,"RICHARDSON, TX US",06/10/22,0,97,74,86
USC00417588,"RICHARDSON, TX US",06/09/22,0,92,71,84
USC00417588,"RICHARDSON, TX US",06/08/22,0,89,76,77
USC00417588,"RICHARDSON, TX US",06/07/22,0,92,75,82
USC00417588,"RICHARDSON, TX US",06/06/22,0,92,75,81
USC00417588,"RICHARDSON, TX US",06/05/22,0,91,72,81
USC00417588,"RICHARDSON, TX US",06/04/22,0,86,67,78
USC00417588,"RICHARDSON, TX US",06/03/22,0.06,80,69,70
USC00417588,"RICHARDSON, TX US",06/02/22,2.25,82,64,73
USC00417588,"RICHARDSON, TX US",06/01/22,0.15,91,75,75
USC00417588,"RICHARDSON, TX US",05/31/22,0,91,74,83
USC00417588,"RICHARDSON, TX US",05/30/22,0,90,74,83
USC00417588,"RICHARDSON, TX US",05/29/22,0,91,70,81
USC00417588,"RICHARDSON, TX US",05/28/22,0,91,67,82
USC00417588,"RICHARDSON, TX US",05/27/22,0,89,57,75
USC00417588,"RICHARDSON, TX US",05/26/22,0,84,57,65
USC00417588,"RICHARDSON, TX US",05/25/22,0.41,70,60,62
USC00417588,"RICHARDSON, TX US",05/24/22,2.87,74,61,62
USC00417588,"RICHARDSON, TX US",05/23/22,0.03,78,58,66
USC00417588,"RICHARDSON, TX US",05/22/22,0,69,58,59
USC00417588,"RICHARDSON, TX US",05/21/22,0,90,62,62
USC00417588,"RICHARDSON, TX US",05/20/22,0,92,73,83
USC00417588,"RICHARDSON, TX US",05/19/22,0,93,71,81
USC00417588,"RICHARDSON, TX US",05/18/22,0,93,72,82
USC00417588,"RICHARDSON, TX US",05/17/22,0,92,75,78
USC00417588,"RICHARDSON, TX US",05/16/22,0.2,87,60,77
USC00417588,"RICHARDSON, TX US",05/15/22,0.03,93,61,67
USC00417588,"RICHARDSON, TX US",05/14/22,0,92,68,77
USC00417588,"RICHARDSON, TX US",05/13/22,0,89,68,79
USC00417588,"RICHARDSON, TX US",05/12/22,0,90,69,78
USC00417588,"RICHARDSON, TX US",05/11/22,0,88,72,77
USC00417588,"RICHARDSON, TX US",05/10/22,0,89,76,79
USC00417588,"RICHARDSON, TX US",05/09/22,0,90,74,80
USC00417588,"RICHARDSON, TX US",05/08/22,0,90,74,81
USC00417588,"RICHARDSON, TX US",05/07/22,0,83,66,78
USC00417588,"RICHARDSON, TX US",05/06/22,0,84,55,70
USC00417588,"RICHARDSON, TX US",05/05/22,0.2,77,58,59
USC00417588,"RICHARDSON, TX US",05/04/22,0,85,58,77
USC00417588,"RICHARDSON, TX US",05/03/22,0.7,84,53,58
USC00417588,"RICHARDSON, TX US",05/02/22,0.43,84,63,72
USC00417588,"RICHARDSON, TX US",05/01/22,0,84,55,75
USC00417588,"RICHARDSON, TX US",04/30/22,0,82,55,62
USC00417588,"RICHARDSON, TX US",04/29/22,0,80,68,75
USC00417588,"RICHARDSON, TX US",04/28/22,0,80,61,72
USC00417588,"RICHARDSON, TX US",04/27/22,0,77,51,69
USC00417588,"RICHARDSON, TX US",04/26/22,0,72,49,57
USC00417588,"RICHARDSON, TX US",04/25/22,1,80,57,57
USC00417588,"RICHARDSON, TX US",04/24/22,0.13,81,61,61
USC00417588,"RICHARDSON, TX US",04/23/22,0,81,67,73
USC00417588,"RICHARDSON, TX US",04/22/22,0,84,69,71
USC00417588,"RICHARDSON, TX US",04/21/22,0,82,70,73
USC00417588,"RICHARDSON, TX US",04/20/22,0.01,82,63,75
USC00417588,"RICHARDSON, TX US",04/19/22,0,72,49,67
USC00417588,"RICHARDSON, TX US",04/18/22,0,72,49,57
USC00417588,"RICHARDSON, TX US",04/17/22,0,77,55,63
USC00417588,"RICHARDSON, TX US",04/16/22,0,81,55,55
USC00417588,"RICHARDSON, TX US",04/15/22,0,79,57,72
USC00417588,"RICHARDSON, TX US",04/14/22,0,74,48,63
USC00417588,"RICHARDSON, TX US",04/13/22,0.05,79,56,56
USC00417588,"RICHARDSON, TX US",04/12/22,0.15,80,65,69
USC00417588,"RICHARDSON, TX US",04/11/22,0,86,69,74
USC00417588,"RICHARDSON, TX US",04/10/22,0,81,60,70
USC00417588,"RICHARDSON, TX US",04/09/22,0,84,41,69
USC00417588,"RICHARDSON, TX US",04/08/22,0,66,46,46
USC00417588,"RICHARDSON, TX US",04/07/22,0,68,47,56
USC00417588,"RICHARDSON, TX US",04/06/22,0,76,55,57
USC00417588,"RICHARDSON, TX US",04/05/22,0,92,57,76
USC00417588,"RICHARDSON, TX US",04/04/22,2.4,78,60,60
USC00417588,"RICHARDSON, TX US",04/03/22,0.02,82,53,70
USC00417588,"RICHARDSON, TX US",04/02/22,0,79,45,57
USC00417588,"RICHARDSON, TX US",04/01/22,0.02,73,43,57
USC00417588,"RICHARDSON, TX US",03/31/22,0.02,67,42,49
USC00417588,"RICHARDSON, TX US",03/30/22,1.3,73,43,43
USC00417588,"RICHARDSON, TX US",03/29/22,0,78,62,72
USC00417588,"RICHARDSON, TX US",03/28/22,0,82,59,70
USC00417588,"RICHARDSON, TX US",03/27/22,0,89,52,75
USC00417588,"RICHARDSON, TX US",03/26/22,0,83,49,63
USC00417588,"RICHARDSON, TX US",03/25/22,0,80,41,58
USC00417588,"RICHARDSON, TX US",03/24/22,0,66,35,46
USC00417588,"RICHARDSON, TX US",03/23/22,0,62,43,43
USC00417588,"RICHARDSON, TX US",03/22/22,0.02,57,46,46
USC00417588,"RICHARDSON, TX US",03/21/22,2,71,55,56
USC00417588,"RICHARDSON, TX US",03/20/22,0,78,48,67
USC00417588,"RICHARDSON, TX US",03/19/22,0,74,39,54
USC00417588,"RICHARDSON, TX US",03/18/22,0,65,46,48
USC00417588,"RICHARDSON, TX US",03/17/22,1,74,55,65
USC00417588,"RICHARDSON, TX US",03/16/22,0,78,43,67
USC00417588,"RICHARDSON, TX US",03/15/22,0,71,47,69
USC00417588,"RICHARDSON, TX US",03/14/22,0.24,75,49,54
USC00417588,"RICHARDSON, TX US",03/13/22,0,65,35,54
USC00417588,"RICHARDSON, TX US",03/12/22,0,55,26,43
USC00417588,"RICHARDSON, TX US",03/11/22,0,43,29,29
USC00417588,"RICHARDSON, TX US",03/10/22,0,66,38,43
USC00417588,"RICHARDSON, TX US",03/09/22,0,59,27,42
USC00417588,"RICHARDSON, TX US",03/08/22,0.2,47,33,33
USC00417588,"RICHARDSON, TX US",03/07/22,0.2,50,35,37
USC00417588,"RICHARDSON, TX US",03/06/22,0,77,40,40
USC00417588,"RICHARDSON, TX US",03/05/22,0,78,63,68
USC00417588,"RICHARDSON, TX US",03/04/22,0,72,54,65
USC00417588,"RICHARDSON, TX US",03/03/22,0,78,42,64
USC00417588,"RICHARDSON, TX US",03/02/22,0,77,39,60
USC00417588,"RICHARDSON, TX US",03/01/22,0,73,36,48
USC00417588,"RICHARDSON, TX US",02/28/22,0,65,28,46
USC00417588,"RICHARDSON, TX US",02/27/22,0,56,30,35
USC00417588,"RICHARDSON, TX US",02/26/22,0.11,39,33,37
USC00417588,"RICHARDSON, TX US",02/25/22,0,37,21,34
USC00417588,"RICHARDSON, TX US",02/24/22,0.01,29,21,26
USC00417588,"RICHARDSON, TX US",02/23/22,0.1,30,22,22
USC00417588,"RICHARDSON, TX US",02/22/22,0.18,70,30,30
USC00417588,"RICHARDSON, TX US",02/21/22,0.01,79,55,70
USC00417588,"RICHARDSON, TX US",02/20/22,0.01,65,40,57
USC00417588,"RICHARDSON, TX US",02/19/22,0,65,30,49
USC00417588,"RICHARDSON, TX US",02/18/22,0,53,25,32
USC00417588,"RICHARDSON, TX US",02/17/22,0.03,66,30,30
USC00417588,"RICHARDSON, TX US",02/16/22,0.34,65,34,65
USC00417588,"RICHARDSON, TX US",02/15/22,0,70,42,60
USC00417588,"RICHARDSON, TX US",02/14/22,0,71,34,53
USC00417588,"RICHARDSON, TX US",02/13/22,0,64,26,40
USC00417588,"RICHARDSON, TX US",02/12/22,0,55,29,29
USC00417588,"RICHARDSON, TX US",02/11/22,0,75,43,54
USC00417588,"RICHARDSON, TX US",02/10/22,0,71,39,43
USC00417588,"RICHARDSON, TX US",02/09/22,0,69,33,47
USC00417588,"RICHARDSON, TX US",02/08/22,0,65,37,49
USC00417588,"RICHARDSON, TX US",02/07/22,0,57,33,40
USC00417588,"RICHARDSON, TX US",02/06/22,0,56,27,34
USC00417588,"RICHARDSON, TX US",02/05/22,0,47,18,34
USC00417588,"RICHARDSON, TX US",02/04/22,1,34,18,26
USC00417588,"RICHARDSON, TX US",02/03/22,0.03,32,19,25
USC00417588,"RICHARDSON, TX US",02/02/22,1,58,30,31
USC00417588,"RICHARDSON, TX US",02/01/22,0,70,53,58
USC00417588,"RICHARDSON, TX US",01/31/22,0,69,44,56
USC00417588,"RICHARDSON, TX US",01/30/22,0.01,69,41,54
USC00417588,"RICHARDSON, TX US",01/29/22,0,66,30,48
USC00417588,"RICHARDSON, TX US",01/28/22,0,56,31,32
USC00417588,"RICHARDSON, TX US",01/27/22,0,50,31,35
USC00417588,"RICHARDSON, TX US",01/26/22,0,49,28,42
USC00417588,"RICHARDSON, TX US",01/25/22,0,59,35,35
USC00417588,"RICHARDSON, TX US",01/24/22,0.01,57,39,46
USC00417588,"RICHARDSON, TX US",01/23/22,0,61,36,41
USC00417588,"RICHARDSON, TX US",01/22/22,0,51,23,36
USC00417588,"RICHARDSON, TX US",01/21/22,0,43,19,27
USC00417588,"RICHARDSON, TX US",01/20/22,0,36,22,36
USC00417588,"RICHARDSON, TX US",01/19/22,0,61,33,33
USC00417588,"RICHARDSON, TX US",01/18/22,0,78,30,61
USC00417588,"RICHARDSON, TX US",01/17/22,0,62,30,50
USC00417588,"RICHARDSON, TX US",01/16/22,0,51,27,34
USC00417588,"RICHARDSON, TX US",01/15/22,0,46,29,29
USC00417588,"RICHARDSON, TX US",01/14/22,0,73,41,46
USC00417588,"RICHARDSON, TX US",01/13/22,0,72,43,46
USC00417588,"RICHARDSON, TX US",01/12/22,0,62,38,48
USC00417588,"RICHARDSON, TX US",01/11/22,0,59,29,44
USC00417588,"RICHARDSON, TX US",01/10/22,0,55,32,34
USC00417588,"RICHARDSON, TX US",01/09/22,0.02,63,40,40
USC00417588,"RICHARDSON, TX US",01/08/22,0.02,63,45,63
USC00417588,"RICHARDSON, TX US",01/07/22,0,47,21,47
USC00417588,"RICHARDSON, TX US",01/06/22,0,41,27,27
USC00417588,"RICHARDSON, TX US",01/05/22,0,61,36,41
USC00417588,"RICHARDSON, TX US",01/04/22,0,61,32,43
USC00417588,"RICHARDSON, TX US",01/03/22,0.04,53,23,41
USC00417588,"RICHARDSON, TX US",01/02/22,0.1,37,17,27
USC00417588,"RICHARDSON, TX US",01/01/22,0.2,70,23,23
USC00417588,"RICHARDSON, TX US",12/31/21,0,68,53,68
USC00417588,"RICHARDSON, TX US",12/30/21,0,73,47,60
USC00417588,"RICHARDSON, TX US",12/29/21,0.2,71,54,54
USC00417588,"RICHARDSON, TX US",12/28/21,0,78,54,54
USC00417588,"RICHARDSON, TX US",12/27/21,0,78,54,54
USC00417588,"RICHARDSON, TX US",12/26/21,0.01,75,58,69
USC00417588,"RICHARDSON, TX US",12/25/21,0,80,60,62
USC00417588,"RICHARDSON, TX US",12/24/21,0,76,60,69
USC00417588,"RICHARDSON, TX US",12/23/21,0,74,54,64
USC00417588,"RICHARDSON, TX US",12/22/21,0,66,40,55
USC00417588,"RICHARDSON, TX US",12/21/21,0,61,34,44
USC00417588,"RICHARDSON, TX US",12/20/21,0.13,50,36,37
USC00417588,"RICHARDSON, TX US",12/19/21,0.02,47,32,40
USC00417588,"RICHARDSON, TX US",12/18/21,0.2,70,38,38
USC00417588,"RICHARDSON, TX US",12/17/21,0,76,60,70
USC00417588,"RICHARDSON, TX US",12/16/21,0,75,60,60
USC00417588,"RICHARDSON, TX US",12/15/21,0.01,78,55,72
USC00417588,"RICHARDSON, TX US",12/14/21,0.01,69,55,60
USC00417588,"RICHARDSON, TX US",12/13/21,0.01,66,40,55
USC00417588,"RICHARDSON, TX US",12/12/21,0,57,30,46
USC00417588,"RICHARDSON, TX US",12/11/21,0,73,32,32
USC00417588,"RICHARDSON, TX US",12/10/21,0,81,65,73
USC00417588,"RICHARDSON, TX US",12/09/21,0,78,55,67
USC00417588,"RICHARDSON, TX US",12/08/21,0,57,41,55
USC00417588,"RICHARDSON, TX US",12/07/21,0,57,33,46
USC00417588,"RICHARDSON, TX US",12/06/21,0,68,40,40
USC00417588,"RICHARDSON, TX US",12/05/21,0,75,55,67
USC00417588,"RICHARDSON, TX US",12/04/21,0,64,50,60
USC00417588,"RICHARDSON, TX US",12/03/21,0,73,59,64
USC00417588,"RICHARDSON, TX US",12/02/21,0,79,44,62
USC00417588,"RICHARDSON, TX US",12/01/21,0,73,50,50
USC00417588,"RICHARDSON, TX US",11/30/21,0,75,45,57
USC00417588,"RICHARDSON, TX US",11/29/21,0,71,38,52
USC00417588,"RICHARDSON, TX US",11/28/21,0,64,43,43
USC00417588,"RICHARDSON, TX US",11/27/21,0.5,55,43,52
USC00417588,"RICHARDSON, TX US",11/26/21,0,58,36,45
USC00417588,"RICHARDSON, TX US",11/25/21,0,67,42,42
USC00417588,"RICHARDSON, TX US",11/24/21,0,74,53,67
USC00417588,"RICHARDSON, TX US",11/23/21,0,68,41,56
USC00417588,"RICHARDSON, TX US",11/22/21,0,65,41,41
USC00417588,"RICHARDSON, TX US",11/21/21,0,69,51,51
USC00417588,"RICHARDSON, TX US",11/20/21,0,70,46,62
USC00417588,"RICHARDSON, TX US",11/19/21,0,60,35,50
USC00417588,"RICHARDSON, TX US",11/18/21,0,60,41,41
USC00417588,"RICHARDSON, TX US",11/17/21,0,70,53,53
USC00417588,"RICHARDSON, TX US",11/16/21,0,78,60,67
USC00417588,"RICHARDSON, TX US",11/15/21,0,79,44,64
USC00417588,"RICHARDSON, TX US",11/14/21,0,68,44,49
USC00417588,"RICHARDSON, TX US",11/13/21,0,63,37,51
USC00417588,"RICHARDSON, TX US",11/12/21,0,68,43,48
USC00417588,"RICHARDSON, TX US",11/11/21,0.01,65,45,48
USC00417588,"RICHARDSON, TX US",11/10/21,1.23,75,57,59
USC00417588,"RICHARDSON, TX US",11/09/21,0,74,56,63
USC00417588,"RICHARDSON, TX US",11/08/21,0,71,49,59
USC00417588,"RICHARDSON, TX US",11/07/21,0,82,42,57
USC00417588,"RICHARDSON, TX US",11/06/21,0,66,38,47
USC00417588,"RICHARDSON, TX US",11/05/21,0,60,37,43
USC00417588,"RICHARDSON, TX US",11/04/21,0.01,58,42,42
USC00417588,"RICHARDSON, TX US",11/03/21,1.05,60,44,44
USC00417588,"RICHARDSON, TX US",11/02/21,0.43,60,48,48
USC00417588,"RICHARDSON, TX US",11/01/21,0,77,51,60
USC00417588,"RICHARDSON, TX US",10/31/21,0,79,51,60
USC00417588,"RICHARDSON, TX US",10/30/21,0,73,46,51
USC00417588,"RICHARDSON, TX US",10/29/21,0,70,52,53
USC00417588,"RICHARDSON, TX US",10/28/21,0,71,57,62
USC00417588,"RICHARDSON, TX US",10/27/21,1,76,60,60
USC00417588,"RICHARDSON, TX US",10/26/21,0,82,65,72
USC00417588,"RICHARDSON, TX US",10/25/21,0,86,60,70
USC00417588,"RICHARDSON, TX US",10/24/21,0.03,83,66,74
USC00417588,"RICHARDSON, TX US",10/23/21,0,85,65,73
USC00417588,"RICHARDSON, TX US",10/22/21,0,84,58,71
USC00417588,"RICHARDSON, TX US",10/21/21,0,82,64,65
USC00417588,"RICHARDSON, TX US",10/20/21,0,82,65,69
USC00417588,"RICHARDSON, TX US",10/19/21,0,78,58,67
USC00417588,"RICHARDSON, TX US",10/18/21,0,75,49,64
USC00417588,"RICHARDSON, TX US",10/17/21,0,73,45,57
USC00417588,"RICHARDSON, TX US",10/16/21,0,72,49,51
USC00417588,"RICHARDSON, TX US",10/15/21,0,75,67,67
USC00417588,"RICHARDSON, TX US",10/14/21,0.17,82,65,73
USC00417588,"RICHARDSON, TX US",10/13/21,1.5,85,65,65
USC00417588,"RICHARDSON, TX US",10/12/21,0,82,60,77
USC00417588,"RICHARDSON, TX US",10/11/21,0,81,60,63
USC00417588,"RICHARDSON, TX US",10/10/21,1,90,62,66
USC00417588,"RICHARDSON, TX US",10/09/21,0,91,67,75
USC00417588,"RICHARDSON, TX US",10/08/21,0,91,68,76
USC00417588,"RICHARDSON, TX US",10/07/21,0,90,54,76
USC00417588,"RICHARDSON, TX US",10/06/21,0,86,57,64
USC00417588,"RICHARDSON, TX US",10/05/21,0,86,60,68
USC00417588,"RICHARDSON, TX US",10/04/21,0,87,61,65
USC00417588,"RICHARDSON, TX US",10/03/21,0,86,64,66
USC00417588,"RICHARDSON, TX US",10/02/21,0.04,83,64,64
USC00417588,"RICHARDSON, TX US",10/01/21,0.2,79,67,71
USC00417588,"RICHARDSON, TX US",09/30/21,0,87,69,70
USC00417588,"RICHARDSON, TX US",09/29/21,0,89,70,75
USC00417588,"RICHARDSON, TX US",09/28/21,0,92,66,75
USC00417588,"RICHARDSON, TX US",09/27/21,0,86,62,70
USC00417588,"RICHARDSON, TX US",09/26/21,0,89,62,62
USC00417588,"RICHARDSON, TX US",09/25/21,0,89,59,69
USC00417588,"RICHARDSON, TX US",09/24/21,0,87,54,68
USC00417588,"RICHARDSON, TX US",09/23/21,0,83,54,60
USC00417588,"RICHARDSON, TX US",09/22/21,0,81,58,60
USC00417588,"RICHARDSON, TX US",09/21/21,0,86,69,69
USC00417588,"RICHARDSON, TX US",09/20/21,0,93,74,83
USC00417588,"RICHARDSON, TX US",09/19/21,0,92,71,79
USC00417588,"RICHARDSON, TX US",09/18/21,0,93,71,78
USC00417588,"RICHARDSON, TX US",09/17/21,0,90,69,76
USC00417588,"RICHARDSON, TX US",09/16/21,0,90,69,76
USC00417588,"RICHARDSON, TX US",09/15/21,0,88,67,74
USC00417588,"RICHARDSON, TX US",09/14/21,0,84,70,72
USC00417588,"RICHARDSON, TX US",09/13/21,0.1,87,72,78
USC00417588,"RICHARDSON, TX US",09/12/21,0,89,66,74
USC00417588,"RICHARDSON, TX US",09/11/21,0,89,69,72
USC00417588,"RICHARDSON, TX US",09/10/21,0.01,91,65,76
USC00417588,"RICHARDSON, TX US",09/09/21,0,91,68,73
USC00417588,"RICHARDSON, TX US",09/08/21,0,91,68,72
USC00417588,"RICHARDSON, TX US",09/07/21,0,94,76,77
USC00417588,"RICHARDSON, TX US",09/06/21,0.1,93,75,78
USC00417588,"RICHARDSON, TX US",09/05/21,0.1,92,79,81
USC00417588,"RICHARDSON, TX US",09/04/21,0,96,76,84
USC00417588,"RICHARDSON, TX US",09/03/21,0,95,77,85
USC00417588,"RICHARDSON, TX US",09/02/21,0,96,78,80
USC00417588,"RICHARDSON, TX US",09/01/21,0,97,79,85
USC00417588,"RICHARDSON, TX US",08/31/21,0,97,78,85
USC00417588,"RICHARDSON, TX US",08/30/21,0,93,75,79
USC00417588,"RICHARDSON, TX US",08/29/21,0.06,88,75,80
USC00417588,"RICHARDSON, TX US",08/28/21,0,91,75,79
USC00417588,"RICHARDSON, TX US",08/27/21,0,91,75,82
USC00417588,"RICHARDSON, TX US",08/26/21,0,94,78,82
USC00417588,"RICHARDSON, TX US",08/25/21,0,95,75,81
USC00417588,"RICHARDSON, TX US",08/24/21,0,94,71,81
USC00417588,"RICHARDSON, TX US",08/23/21,0,97,77,83
USC00417588,"RICHARDSON, TX US",08/22/21,0,95,77,84
USC00417588,"RICHARDSON, TX US",08/21/21,0,94,77,83
USC00417588,"RICHARDSON, TX US",08/20/21,0,93,76,82
USC00417588,"RICHARDSON, TX US",08/19/21,0.6,92,74,82
USC00417588,"RICHARDSON, TX US",08/18/21,0.73,81,72,74
USC00417588,"RICHARDSON, TX US",08/17/21,0.1,88,73,73
USC00417588,"RICHARDSON, TX US",08/16/21,0,92,74,78
USC00417588,"RICHARDSON, TX US",08/15/21,0.11,88,74,78
USC00417588,"RICHARDSON, TX US",08/14/21,1,88,72,76
USC00417588,"RICHARDSON, TX US",08/13/21,0,94,77,83
USC00417588,"RICHARDSON, TX US",08/12/21,0,95,78,85
USC00417588,"RICHARDSON, TX US",08/11/21,0,94,76,84
USC00417588,"RICHARDSON, TX US",08/10/21,0,94,77,84
USC00417588,"RICHARDSON, TX US",08/09/21,0,94,77,83
USC00417588,"RICHARDSON, TX US",08/08/21,0,93,74,85
USC00417588,"RICHARDSON, TX US",08/07/21,0,92,74,74
USC00417588,"RICHARDSON, TX US",08/06/21,0,92,72,81
USC00417588,"RICHARDSON, TX US",08/05/21,0,90,74,77
USC00417588,"RICHARDSON, TX US",08/04/21,0,89,73,78
USC00417588,"RICHARDSON, TX US",08/03/21,0,90,71,78
USC00417588,"RICHARDSON, TX US",08/02/21,1,85,72,75
USC00417588,"RICHARDSON, TX US",08/01/21,1.2,92,72,75
USC00417588,"RICHARDSON, TX US",07/31/21,0,86,73,84
USC00417588,"RICHARDSON, TX US",07/30/21,0,85,71,77
USC00417588,"RICHARDSON, TX US",07/29/21,0,97,70,78
USC00417588,"RICHARDSON, TX US",07/28/21,0,98,74,78
USC00417588,"RICHARDSON, TX US",07/27/21,0,100,76,79
USC00417588,"RICHARDSON, TX US",07/26/21,0,101,81,85
USC00417588,"RICHARDSON, TX US",07/25/21,0,100,79,81
USC00417588,"RICHARDSON, TX US",07/24/21,0,97,77,80
USC00417588,"RICHARDSON, TX US",07/23/21,0,87,77,77
USC00417588,"RICHARDSON, TX US",07/22/21,0,91,71,83
USC00417588,"RICHARDSON, TX US",07/21/21,0,88,72,75
USC00417588,"RICHARDSON, TX US",07/20/21,0,87,72,77
USC00417588,"RICHARDSON, TX US",07/19/21,1.1,84,72,74
USC00417588,"RICHARDSON, TX US",07/18/21,0,93,77,84
USC00417588,"RICHARDSON, TX US",07/17/21,0,90,77,82
USC00417588,"RICHARDSON, TX US",07/16/21,0,91,75,83
USC00417588,"RICHARDSON, TX US",07/15/21,0,90,72,82
USC00417588,"RICHARDSON, TX US",07/14/21,0.03,90,70,74
USC00417588,"RICHARDSON, TX US",07/13/21,0,91,71,79
USC00417588,"RICHARDSON, TX US",07/12/21,0,88,70,76
USC00417588,"RICHARDSON, TX US",07/11/21,1,89,68,78
USC00417588,"RICHARDSON, TX US",07/10/21,0,92,73,82
USC00417588,"RICHARDSON, TX US",07/09/21,0,86,73,77
USC00417588,"RICHARDSON, TX US",07/08/21,0,92,75,80
USC00417588,"RICHARDSON, TX US",07/07/21,0,92,73,80
USC00417588,"RICHARDSON, TX US",07/06/21,0.03,91,72,76
USC00417588,"RICHARDSON, TX US",07/05/21,0,87,72,75
USC00417588,"RICHARDSON, TX US",07/04/21,0,87,74,76
USC00417588,"RICHARDSON, TX US",07/03/21,0.03,82,73,77
USC00417588,"RICHARDSON, TX US",07/02/21,0.44,85,73,76
USC00417588,"RICHARDSON, TX US",07/01/21,1.1,82,74,75
USC00417588,"RICHARDSON, TX US",06/30/21,0.02,91,73,82
USC00417588,"RICHARDSON, TX US",06/29/21,0.44,88,72,75
USC00417588,"RICHARDSON, TX US",06/28/21,0.11,87,74,76
USC00417588,"RICHARDSON, TX US",06/27/21,0.33,91,75,79
USC00417588,"RICHARDSON, TX US",06/26/21,0,93,76,77
USC00417588,"RICHARDSON, TX US",06/25/21,0,93,78,84
USC00417588,"RICHARDSON, TX US",06/24/21,0,93,77,85
USC00417588,"RICHARDSON, TX US",06/23/21,0,93,73,83
USC00417588,"RICHARDSON, TX US",06/22/21,0,85,65,76
USC00417588,"RICHARDSON, TX US",06/21/21,0.1,89,67,67
USC00417588,"RICHARDSON, TX US",06/20/21,0,93,76,84
USC00417588,"RICHARDSON, TX US",06/19/21,0,92,69,80
USC00417588,"RICHARDSON, TX US",06/18/21,0,96,76,79
USC00417588,"RICHARDSON, TX US",06/17/21,0,100,77,80
USC00417588,"RICHARDSON, TX US",06/16/21,0,99,75,78
USC00417588,"RICHARDSON, TX US",06/15/21,0,94,72,79
USC00417588,"RICHARDSON, TX US",06/14/21,0,95,79,81
USC00417588,"RICHARDSON, TX US",06/13/21,0,97,75,85
USC00417588,"RICHARDSON, TX US",06/12/21,0.3,90,69,79
USC00417588,"RICHARDSON, TX US",06/11/21,0,91,77,82
USC00417588,"RICHARDSON, TX US",06/10/21,0,90,76,82
USC00417588,"RICHARDSON, TX US",06/09/21,0.01,90,81,81
USC00417588,"RICHARDSON, TX US",06/08/21,0.1,85,71,81
USC00417588,"RICHARDSON, TX US",06/07/21,1.7,83,64,73
USC00417588,"RICHARDSON, TX US",06/06/21,0,87,64,68
USC00417588,"RICHARDSON, TX US",06/05/21,4.1,84,64,69
USC00417588,"RICHARDSON, TX US",06/04/21,0,80,64,70
USC00417588,"RICHARDSON, TX US",06/03/21,0,81,68,72
USC00417588,"RICHARDSON, TX US",06/02/21,0,81,64,68
USC00417588,"RICHARDSON, TX US",06/01/21,0.1,70,61,64
USC00417588,"RICHARDSON, TX US",05/31/21,2,71,63,65
USC00417588,"RICHARDSON, TX US",05/30/21,0,74,60,67
USC00417588,"RICHARDSON, TX US",05/29/21,0,81,67,70
USC00417588,"RICHARDSON, TX US",05/28/21,0.33,82,64,67
USC00417588,"RICHARDSON, TX US",05/27/21,0,82,69,77
USC00417588,"RICHARDSON, TX US",05/26/21,0,80,61,72
USC00417588,"RICHARDSON, TX US",05/25/21,0.8,75,70,70
USC00417588,"RICHARDSON, TX US",05/24/21,0.3,77,67,70
USC00417588,"RICHARDSON, TX US",05/23/21,0.04,77,67,69
USC00417588,"RICHARDSON, TX US",05/22/21,0.4,77,68,68
USC00417588,"RICHARDSON, TX US",05/21/21,0.01,84,68,73
USC00417588,"RICHARDSON, TX US",05/20/21,0.12,78,65,68
USC00417588,"RICHARDSON, TX US",05/19/21,0,81,63,70
USC00417588,"RICHARDSON, TX US",05/18/21,0.3,70,62,68
USC00417588,"RICHARDSON, TX US",05/17/21,0.3,80,64,68
USC00417588,"RICHARDSON, TX US",05/16/21,3.5,73,66,69
USC00417588,"RICHARDSON, TX US",05/15/21,0,81,61,72
USC00417588,"RICHARDSON, TX US",05/14/21,0,76,56,66
USC00417588,"RICHARDSON, TX US",05/13/21,0,69,53,58
USC00417588,"RICHARDSON, TX US",05/12/21,0,61,54,59
USC00417588,"RICHARDSON, TX US",05/11/21,1,64,55,55
USC00417588,"RICHARDSON, TX US",05/10/21,2,66,55,64
USC00417588,"RICHARDSON, TX US",05/09/21,0,82,59,64
USC00417588,"RICHARDSON, TX US",05/08/21,0,84,62,72
USC00417588,"RICHARDSON, TX US",05/07/21,0,83,56,72
USC00417588,"RICHARDSON, TX US",05/06/21,0,80,55,61
USC00417588,"RICHARDSON, TX US",05/05/21,0,75,49,60
USC00417588,"RICHARDSON, TX US",05/04/21,0.01,88,40,57
USC00417588,"RICHARDSON, TX US",05/03/21,0.3,88,40,67
USC00417588,"RICHARDSON, TX US",05/02/21,0.03,80,63,66
USC00417588,"RICHARDSON, TX US",05/01/21,0.08,72,39,64
USC00417588,"RICHARDSON, TX US",04/30/21,0.14,66,60,63
USC00417588,"RICHARDSON, TX US",04/29/21,2,68,62,64
USC00417588,"RICHARDSON, TX US",04/28/21,0.03,71,54,68
USC00417588,"RICHARDSON, TX US",04/27/21,0,74,62,71
USC00417588,"RICHARDSON, TX US",04/26/21,0,77,41,67
USC00417588,"RICHARDSON, TX US",04/25/21,0,72,41,64
USC00417588,"RICHARDSON, TX US",04/24/21,0.3,66,52,60
USC00417588,"RICHARDSON, TX US",04/23/21,1.5,69,60,66
USC00417588,"RICHARDSON, TX US",04/22/21,0,64,52,60
USC00417588,"RICHARDSON, TX US",04/21/21,0,61,35,54
USC00417588,"RICHARDSON, TX US",04/20/21,0,61,41,41
USC00417588,"RICHARDSON, TX US",04/19/21,0,72,41,60
USC00417588,"RICHARDSON, TX US",04/18/21,0,67,44,50
USC00417588,"RICHARDSON, TX US",04/17/21,0,65,46,51
USC00417588,"RICHARDSON, TX US",04/16/21,0.6,57,54,54
USC00417588,"RICHARDSON, TX US",04/15/21,1,61,53,55
USC00417588,"RICHARDSON, TX US",04/14/21,0.01,69,56,60
USC00417588,"RICHARDSON, TX US",04/13/21,0.3,78,53,68
USC00417588,"RICHARDSON, TX US",04/12/21,0,85,49,67
USC00417588,"RICHARDSON, TX US",04/11/21,0,83,49,49
USC00417588,"RICHARDSON, TX US",04/10/21,0,71,48,49
USC00417588,"RICHARDSON, TX US",04/09/21,0,82,62,62
USC00417588,"RICHARDSON, TX US",04/08/21,0,82,50,68
USC00417588,"RICHARDSON, TX US",04/07/21,0,75,52,55
USC00417588,"RICHARDSON, TX US",04/06/21,0,79,56,70
USC00417588,"RICHARDSON, TX US",04/05/21,0,75,56,56
USC00417588,"RICHARDSON, TX US",04/04/21,0,71,57,65
USC00417588,"RICHARDSON, TX US",04/03/21,0,66,54,59
USC00417588,"RICHARDSON, TX US",04/02/21,0,66,40,59
USC00417588,"RICHARDSON, TX US",04/01/21,0,67,39,51
USC00417588,"RICHARDSON, TX US",03/31/21,0.2,68,53,55
USC00417588,"RICHARDSON, TX US",03/30/21,0.2,76,57,68
USC00417588,"RICHARDSON, TX US",03/29/21,0,75,46,64
USC00417588,"RICHARDSON, TX US",03/28/21,0,70,50,52
USC00417588,"RICHARDSON, TX US",03/27/21,0,79,57,68
USC00417588,"RICHARDSON, TX US",03/26/21,0,77,48,60
USC00417588,"RICHARDSON, TX US",03/25/21,0.6,67,51,51
USC00417588,"RICHARDSON, TX US",03/24/21,0.22,77,48,54
USC00417588,"RICHARDSON, TX US",03/23/21,0,72,48,53
USC00417588,"RICHARDSON, TX US",03/22/21,2,63,53,54
USC00417588,"RICHARDSON, TX US",03/21/21,0,67,44,60
USC00417588,"RICHARDSON, TX US",03/20/21,0,67,44,51
USC00417588,"RICHARDSON, TX US",03/19/21,0,64,41,49
USC00417588,"RICHARDSON, TX US",03/18/21,0,60,42,47
USC00417588,"RICHARDSON, TX US",03/17/21,0.6,71,46,47
USC00417588,"RICHARDSON, TX US",03/16/21,0,79,57,71
USC00417588,"RICHARDSON, TX US",03/15/21,0,78,47,59
USC00417588,"RICHARDSON, TX US",03/14/21,0.1,73,55,55
USC00417588,"RICHARDSON, TX US",03/13/21,0,77,65,67
USC00417588,"RICHARDSON, TX US",03/12/21,0,76,65,71
USC00417588,"RICHARDSON, TX US",03/11/21,0,75,67,69
USC00417588,"RICHARDSON, TX US",03/10/21,0,73,56,69
USC00417588,"RICHARDSON, TX US",03/09/21,0,69,55,56
USC00417588,"RICHARDSON, TX US",03/08/21,0,70,40,59
USC00417588,"RICHARDSON, TX US",03/07/21,0,66,40,47
USC00417588,"RICHARDSON, TX US",03/06/21,0,62,42,46
USC00417588,"RICHARDSON, TX US",03/05/21,0,60,49,49
USC00417588,"RICHARDSON, TX US",03/04/21,0,72,42,60
USC00417588,"RICHARDSON, TX US",03/03/21,0,69,40,54
USC00417588,"RICHARDSON, TX US",03/02/21,0,62,36,46
USC00417588,"RICHARDSON, TX US",03/01/21,0.2,58,43,44
USC00417588,"RICHARDSON, TX US",02/28/21,0.12,74,49,51
USC00417588,"RICHARDSON, TX US",02/27/21,1.21,67,50,55
USC00417588,"RICHARDSON, TX US",02/26/21,1.17,56,44,50
USC00417588,"RICHARDSON, TX US",02/25/21,0.3,54,44,47
USC00417588,"RICHARDSON, TX US",02/24/21,0,71,54,54
USC00417588,"RICHARDSON, TX US",02/23/21,0,78,41,63
USC00417588,"RICHARDSON, TX US",02/22/21,0,69,32,52
USC00417588,"RICHARDSON, TX US",02/21/21,0,71,43,46
USC00417588,"RICHARDSON, TX US",02/20/21,0,65,26,43
USC00417588,"RICHARDSON, TX US",02/19/21,0,40,14,28
USC00417588,"RICHARDSON, TX US",02/18/21,0.01,30,21,22
USC00417588,"RICHARDSON, TX US",02/17/21,0.17,26,0,25
USC00417588,"RICHARDSON, TX US",02/16/21,0.1,19,1,5
USC00417588,"RICHARDSON, TX US",02/15/21,0.07,19,5,5
USC00417588,"RICHARDSON, TX US",02/14/21,0,20,8,15
USC00417588,"RICHARDSON, TX US",02/13/21,0.01,33,18,20
USC00417588,"RICHARDSON, TX US",02/12/21,0,25,21,21
USC00417588,"RICHARDSON, TX US",02/11/21,0,30,22,24
USC00417588,"RICHARDSON, TX US",02/10/21,0,30,26,28
USC00417588,"RICHARDSON, TX US",02/09/21,0.02,38,29,29
USC00417588,"RICHARDSON, TX US",02/08/21,0,65,38,38
USC00417588,"RICHARDSON, TX US",02/07/21,0,56,35,45
USC00417588,"RICHARDSON, TX US",02/06/21,0.05,56,38,38
USC00417588,"RICHARDSON, TX US",02/05/21,0,57,36,44
USC00417588,"RICHARDSON, TX US",02/04/21,0,63,45,46
USC00417588,"RICHARDSON, TX US",02/03/21,0,68,42,45
USC00417588,"RICHARDSON, TX US",02/02/21,0,62,38,47
USC00417588,"RICHARDSON, TX US",02/01/21,0,58,34,38
USC00417588,"RICHARDSON, TX US",01/31/21,0,56,39,43
USC00417588,"RICHARDSON, TX US",01/30/21,0.04,74,51,55
USC00417588,"RICHARDSON, TX US",01/29/21,0,60,37,51
USC00417588,"RICHARDSON, TX US",01/28/21,0,49,28,40
USC00417588,"RICHARDSON, TX US",01/27/21,0.01,49,34,35
USC00417588,"RICHARDSON, TX US",01/26/21,0,57,36,44
USC00417588,"RICHARDSON, TX US",01/25/21,0.19,66,47,54
USC00417588,"RICHARDSON, TX US",01/24/21,0.53,60,50,60
USC00417588,"RICHARDSON, TX US",01/23/21,0.1,51,45,51
USC00417588,"RICHARDSON, TX US",01/22/21,0,51,46,47
USC00417588,"RICHARDSON, TX US",01/21/21,0.05,52,45,48
USC00417588,"RICHARDSON, TX US",01/20/21,0.44,49,43,45
USC00417588,"RICHARDSON, TX US",01/19/21,0.09,59,48,49
USC00417588,"RICHARDSON, TX US",01/18/21,0,67,35,59
USC00417588,"RICHARDSON, TX US",01/17/21,0,58,37,38
USC00417588,"RICHARDSON, TX US",01/16/21,0,55,33,49
USC00417588,"RICHARDSON, TX US",01/15/21,0,63,28,38
USC00417588,"RICHARDSON, TX US",01/14/21,0,63,28,46
USC00417588,"RICHARDSON, TX US",01/13/21,0,62,28,46
USC00417588,"RICHARDSON, TX US",01/12/21,0.01,52,28,39
USC00417588,"RICHARDSON, TX US",01/11/21,0,47,30,30
USC00417588,"RICHARDSON, TX US",01/10/21,0.11,38,32,35
USC00417588,"RICHARDSON, TX US",01/09/21,0,48,27,38
USC00417588,"RICHARDSON, TX US",01/08/21,0,50,34,34
USC00417588,"RICHARDSON, TX US",01/07/21,0.02,49,42,42
USC00417588,"RICHARDSON, TX US",01/06/21,0.01,65,35,44
USC00417588,"RICHARDSON, TX US",01/05/21,0,65,35,54
USC00417588,"RICHARDSON, TX US",01/04/21,0.02,67,35,48
USC00417588,"RICHARDSON, TX US",01/03/21,0,64,34,39
USC00417588,"RICHARDSON, TX US",01/02/21,0,53,34,45
USC00417588,"RICHARDSON, TX US",01/01/21,0.01,39,34,37
USC00417588,"RICHARDSON, TX US",12/31/20,2.1,39,36,38
USC00417588,"RICHARDSON, TX US",12/30/20,0.36,60,36,36
USC00417588,"RICHARDSON, TX US",12/29/20,0.01,68,52,59
USC00417588,"RICHARDSON, TX US",12/28/20,0.02,72,46,52
USC00417588,"RICHARDSON, TX US",12/27/20,0,72,49,55
USC00417588,"RICHARDSON, TX US",12/26/20,0,68,38,64
USC00417588,"RICHARDSON, TX US",12/25/20,0,58,29,45
USC00417588,"RICHARDSON, TX US",12/24/20,0,52,29,42
USC00417588,"RICHARDSON, TX US",12/23/20,0,69,35,35
USC00417588,"RICHARDSON, TX US",12/22/20,0,70,41,58
USC00417588,"RICHARDSON, TX US",12/21/20,0,71,36,47
USC00417588,"RICHARDSON, TX US",12/20/20,0,63,34,40
USC00417588,"RICHARDSON, TX US",12/19/20,0.01,58,33,34
USC00417588,"RICHARDSON, TX US",12/18/20,0,60,27,55
USC00417588,"RICHARDSON, TX US",12/17/20,0.01,59,27,45
USC00417588,"RICHARDSON, TX US",12/16/20,0,42,29,30
USC00417588,"RICHARDSON, TX US",12/15/20,0.02,41,32,33
USC00417588,"RICHARDSON, TX US",12/14/20,0,50,31,35
USC00417588,"RICHARDSON, TX US",12/13/20,0.19,42,36,36
USC00417588,"RICHARDSON, TX US",12/12/20,0,53,38,41
USC00417588,"RICHARDSON, TX US",12/11/20,0.2,62,38,38
USC00417588,"RICHARDSON, TX US",12/10/20,0,77,42,62
USC00417588,"RICHARDSON, TX US",12/09/20,0,77,38,55
USC00417588,"RICHARDSON, TX US",12/08/20,0,70,43,43
USC00417588,"RICHARDSON, TX US",12/07/20,0.03,62,38,52
USC00417588,"RICHARDSON, TX US",12/06/20,0,60,44,47
USC00417588,"RICHARDSON, TX US",12/05/20,0,61,33,53
USC00417588,"RICHARDSON, TX US",12/04/20,0,56,32,36
USC00417588,"RICHARDSON, TX US",12/03/20,0,45,36,39
USC00417588,"RICHARDSON, TX US",12/02/20,0.15,55,39,39
USC00417588,"RICHARDSON, TX US",12/01/20,0,67,29,47
USC00417588,"RICHARDSON, TX US",11/30/20,0,50,31,34
USC00417588,"RICHARDSON, TX US",11/29/20,0.2,51,42,42
USC00417588,"RICHARDSON, TX US",11/28/20,0.3,60,44,44
USC00417588,"RICHARDSON, TX US",11/27/20,0,63,52,52
USC00417588,"RICHARDSON, TX US",11/26/20,0,71,39,57
USC00417588,"RICHARDSON, TX US",11/25/20,0,63,42,42
USC00417588,"RICHARDSON, TX US",11/24/20,0.6,69,51,60
USC00417588,"RICHARDSON, TX US",11/23/20,0,60,43,53
USC00417588,"RICHARDSON, TX US",11/22/20,0,60,46,46
USC00417588,"RICHARDSON, TX US",11/21/20,0,75,59,59
USC00417588,"RICHARDSON, TX US",11/20/20,0,73,59,63
USC00417588,"RICHARDSON, TX US",11/19/20,0,75,53,64
USC00417588,"RICHARDSON, TX US",11/18/20,0,73,55,63
USC00417588,"RICHARDSON, TX US",11/17/20,0,76,39,56
USC00417588,"RICHARDSON, TX US",11/16/20,0,71,38,44
USC00417588,"RICHARDSON, TX US",11/15/20,0,74,41,41
USC00417588,"RICHARDSON, TX US",11/14/20,0,82,62,73
USC00417588,"RICHARDSON, TX US",11/13/20,0,74,54,64
USC00417588,"RICHARDSON, TX US",11/12/20,0,79,51,66
USC00417588,"RICHARDSON, TX US",11/11/20,0,74,54,66
USC00417588,"RICHARDSON, TX US",11/10/20,0,74,54,55
USC00417588,"RICHARDSON, TX US",11/09/20,0,80,60,68
USC00417588,"RICHARDSON, TX US",11/08/20,0,74,60,63
USC00417588,"RICHARDSON, TX US",11/07/20,0,76,50,63
USC00417588,"RICHARDSON, TX US",11/06/20,0,75,59,61
USC00417588,"RICHARDSON, TX US",11/05/20,0,75,57,63
USC00417588,"RICHARDSON, TX US",11/04/20,0,74,47,63
USC00417588,"RICHARDSON, TX US",11/03/20,0,70,43,57
USC00417588,"RICHARDSON, TX US",11/02/20,0,71,38,54
USC00417588,"RICHARDSON, TX US",11/01/20,0,71,48,55
USC00417588,"RICHARDSON, TX US",10/31/20,0,70,43,50
USC00417588,"RICHARDSON, TX US",10/30/20,0,67,39,45
USC00417588,"RICHARDSON, TX US",10/29/20,0,60,38,47
USC00417588,"RICHARDSON, TX US",10/28/20,0.4,44,38,40
USC00417588,"RICHARDSON, TX US",10/27/20,0.07,41,37,40
USC00417588,"RICHARDSON, TX US",10/26/20,0.27,54,38,38
USC00417588,"RICHARDSON, TX US",10/25/20,1.7,60,51,53
USC00417588,"RICHARDSON, TX US",10/24/20,0,60,42,54
USC00417588,"RICHARDSON, TX US",10/23/20,1.5,76,48,48
USC00417588,"RICHARDSON, TX US",10/22/20,0,84,67,76
USC00417588,"RICHARDSON, TX US",10/21/20,0,86,59,79
USC00417588,"RICHARDSON, TX US",10/20/20,0,85,59,61
USC00417588,"RICHARDSON, TX US",10/19/20,0,95,55,60
USC00417588,"RICHARDSON, TX US",10/18/20,0,85,65,65
USC00417588,"RICHARDSON, TX US",10/17/20,0,73,51,71
USC00417588,"RICHARDSON, TX US",10/16/20,0,70,53,62
USC00417588,"RICHARDSON, TX US",10/15/20,0,76,63,63
USC00417588,"RICHARDSON, TX US",10/14/20,0,89,58,76
USC00417588,"RICHARDSON, TX US",10/13/20,0,82,49,61
USC00417588,"RICHARDSON, TX US",10/12/20,0,94,56,56
USC00417588,"RICHARDSON, TX US",10/11/20,0,94,68,70
USC00417588,"RICHARDSON, TX US",10/10/20,0,87,61,72
USC00417588,"RICHARDSON, TX US",10/09/20,0,82,69,70
USC00417588,"RICHARDSON, TX US",10/08/20,0,86,60,74
USC00417588,"RICHARDSON, TX US",10/07/20,0,86,62,71
USC00417588,"RICHARDSON, TX US",10/06/20,0,85,58,72
USC00417588,"RICHARDSON, TX US",10/05/20,0,78,53,64
USC00417588,"RICHARDSON, TX US",10/04/20,0,76,59,59
USC00417588,"RICHARDSON, TX US",10/03/20,0,80,57,65
USC00417588,"RICHARDSON, TX US",10/02/20,0,75,53,63
USC00417588,"RICHARDSON, TX US",10/01/20,0,78,58,58
USC00417588,"RICHARDSON, TX US",09/30/20,0,,,
USC00417588,"RICHARDSON, TX US",09/29/20,0,83,54,64
USC00417588,"RICHARDSON, TX US",09/28/20,0,87,57,57
USC00417588,"RICHARDSON, TX US",09/27/20,0.05,87,63,63
USC00417588,"RICHARDSON, TX US",09/26/20,0,86,64,74
USC00417588,"RICHARDSON, TX US",09/25/20,0,82,59,67
USC00417588,"RICHARDSON, TX US",09/24/20,0,78,61,63
USC00417588,"RICHARDSON, TX US",09/23/20,0.01,71,61,61
USC00417588,"RICHARDSON, TX US",09/22/20,0.3,69,64,64
USC00417588,"RICHARDSON, TX US",09/21/20,0.17,74,57,66
USC00417588,"RICHARDSON, TX US",09/20/20,0,80,57,57
USC00417588,"RICHARDSON, TX US",09/19/20,0,78,62,65
USC00417588,"RICHARDSON, TX US",09/18/20,0,84,67,71
USC00417588,"RICHARDSON, TX US",09/17/20,0,87,73,73
USC00417588,"RICHARDSON, TX US",09/16/20,0,87,70,79
USC00417588,"RICHARDSON, TX US",09/15/20,0,87,72,75
USC00417588,"RICHARDSON, TX US",09/14/20,0,87,67,75
USC00417588,"RICHARDSON, TX US",09/13/20,0,86,69,72
USC00417588,"RICHARDSON, TX US",09/12/20,0,86,66,70
USC00417588,"RICHARDSON, TX US",09/11/20,0,78,62,69
USC00417588,"RICHARDSON, TX US",09/10/20,1.08,68,56,67
USC00417588,"RICHARDSON, TX US",09/09/20,3.53,83,64,64
USC00417588,"RICHARDSON, TX US",09/08/20,0,88,74,76
USC00417588,"RICHARDSON, TX US",09/07/20,0,91,74,78
USC00417588,"RICHARDSON, TX US",09/06/20,0,89,71,80
USC00417588,"RICHARDSON, TX US",09/05/20,0.39,91,73,74
USC00417588,"RICHARDSON, TX US",09/04/20,0,87,72,77
USC00417588,"RICHARDSON, TX US",09/03/20,0.01,82,72,75
USC00417588,"RICHARDSON, TX US",09/02/20,0.01,79,71,72
USC00417588,"RICHARDSON, TX US",09/01/20,0,88,70,74
USC00417588,"RICHARDSON, TX US",08/31/20,0.01,97,80,83
USC00417588,"RICHARDSON, TX US",08/30/20,2.63,94,71,85
USC00417588,"RICHARDSON, TX US",08/29/20,0,104,77,83
USC00417588,"RICHARDSON, TX US",08/28/20,0,103,75,82
USC00417588,"RICHARDSON, TX US",08/27/20,0,93,72,77
USC00417588,"RICHARDSON, TX US",08/26/20,0.1,91,72,75
USC00417588,"RICHARDSON, TX US",08/25/20,0,96,72,72
USC00417588,"RICHARDSON, TX US",08/24/20,0,95,70,78
USC00417588,"RICHARDSON, TX US",08/23/20,0,96,72,75
USC00417588,"RICHARDSON, TX US",08/22/20,0,94,72,82
USC00417588,"RICHARDSON, TX US",08/21/20,0,93,70,80
USC00417588,"RICHARDSON, TX US",08/20/20,0,92,67,78
USC00417588,"RICHARDSON, TX US",08/19/20,0,91,68,75
USC00417588,"RICHARDSON, TX US",08/18/20,0,93,74,80
USC00417588,"RICHARDSON, TX US",08/17/20,0,93,72,83
USC00417588,"RICHARDSON, TX US",08/16/20,1.4,103,70,75
USC00417588,"RICHARDSON, TX US",08/15/20,0,102,79,89
USC00417588,"RICHARDSON, TX US",08/14/20,0,102,82,89
USC00417588,"RICHARDSON, TX US",08/13/20,0,101,83,85
USC00417588,"RICHARDSON, TX US",08/12/20,0,101,82,84
USC00417588,"RICHARDSON, TX US",08/11/20,0,98,79,88
USC00417588,"RICHARDSON, TX US",08/10/20,0,98,79,89
USC00417588,"RICHARDSON, TX US",08/09/20,0,97,77,88
USC00417588,"RICHARDSON, TX US",08/08/20,0,97,77,88
USC00417588,"RICHARDSON, TX US",08/07/20,0,96,77,87
USC00417588,"RICHARDSON, TX US",08/06/20,0,96,74,87
USC00417588,"RICHARDSON, TX US",08/05/20,0,88,73,76
USC00417588,"RICHARDSON, TX US",08/04/20,0,92,72,81
USC00417588,"RICHARDSON, TX US",08/03/20,0,93,71,80
USC00417588,"RICHARDSON, TX US",08/02/20,0,94,73,77
USC00417588,"RICHARDSON, TX US",08/01/20,0,90,70,75
USC00417588,"RICHARDSON, TX US",07/31/20,0,90,71,76
USC00417588,"RICHARDSON, TX US",07/30/20,0.2,97,72,72
USC00417588,"RICHARDSON, TX US",07/29/20,0,94,76,84
USC00417588,"RICHARDSON, TX US",07/28/20,0.04,83,75,76
USC00417588,"RICHARDSON, TX US",07/27/20,0,93,74,83
USC00417588,"RICHARDSON, TX US",07/26/20,0,93,76,79
USC00417588,"RICHARDSON, TX US",07/25/20,0,91,76,81
USC00417588,"RICHARDSON, TX US",07/24/20,0,94,77,84
USC00417588,"RICHARDSON, TX US",07/23/20,0,96,75,85
USC00417588,"RICHARDSON, TX US",07/22/20,0,93,75,80
USC00417588,"RICHARDSON, TX US",07/21/20,0,91,75,80
USC00417588,"RICHARDSON, TX US",07/20/20,0,95,77,81
USC00417588,"RICHARDSON, TX US",07/19/20,0,94,76,85
USC00417588,"RICHARDSON, TX US",07/18/20,0,91,76,84
USC00417588,"RICHARDSON, TX US",07/17/20,0,96,78,85
USC00417588,"RICHARDSON, TX US",07/16/20,0,96,80,87
USC00417588,"RICHARDSON, TX US",07/15/20,0,95,78,85
USC00417588,"RICHARDSON, TX US",07/14/20,0,98,80,88
USC00417588,"RICHARDSON, TX US",07/13/20,0,100,82,88
USC00417588,"RICHARDSON, TX US",07/12/20,0,100,76,87
USC00417588,"RICHARDSON, TX US",07/11/20,0,96,79,86
USC00417588,"RICHARDSON, TX US",07/10/20,0,94,77,83
USC00417588,"RICHARDSON, TX US",07/09/20,0,93,77,85
USC00417588,"RICHARDSON, TX US",07/08/20,0,92,75,84
USC00417588,"RICHARDSON, TX US",07/07/20,0,89,73,78
USC00417588,"RICHARDSON, TX US",07/06/20,0.05,88,74,75
USC00417588,"RICHARDSON, TX US",07/05/20,0.11,93,75,80
USC00417588,"RICHARDSON, TX US",07/04/20,0,93,74,85
USC00417588,"RICHARDSON, TX US",07/03/20,0,99,76,80
USC00417588,"RICHARDSON, TX US",07/02/20,0.02,93,77,81
USC00417588,"RICHARDSON, TX US",07/01/20,0,92,78,84
USC00417588,"RICHARDSON, TX US",06/30/20,0,93,79,82
